-- phpMyAdmin SQL Dump
-- version 5.2.1
-- https://www.phpmyadmin.net/
--
-- Host: localhost
-- Generation Time: Mar 27, 2024 at 07:34 AM
-- Server version: 8.0.33
-- PHP Version: 8.2.5

SET SQL_MODE = "NO_AUTO_VALUE_ON_ZERO";
START TRANSACTION;
SET time_zone = "+00:00";


/*!40101 SET @OLD_CHARACTER_SET_CLIENT=@@CHARACTER_SET_CLIENT */;
/*!40101 SET @OLD_CHARACTER_SET_RESULTS=@@CHARACTER_SET_RESULTS */;
/*!40101 SET @OLD_COLLATION_CONNECTION=@@COLLATION_CONNECTION */;
/*!40101 SET NAMES utf8mb4 */;

--
-- Database: `wad_school`
--

-- --------------------------------------------------------

--
-- Table structure for table `batches`
--

CREATE TABLE `batches` (
  `id` bigint UNSIGNED NOT NULL,
  `name` varchar(20) CHARACTER SET utf8mb4 COLLATE utf8mb4_unicode_ci NOT NULL,
  `course_id` bigint NOT NULL,
  `start_date` date NOT NULL,
  `start_time` time NOT NULL,
  `end_time` time NOT NULL,
  `is_register_open` tinyint(1) NOT NULL,
  `student_limit` int NOT NULL DEFAULT '20',
  `created_at` timestamp NULL DEFAULT NULL
) ENGINE=InnoDB DEFAULT CHARSET=utf8mb4 COLLATE=utf8mb4_unicode_ci;

--
-- Dumping data for table `batches`
--

INSERT INTO `batches` (`id`, `name`, `course_id`, `start_date`, `start_time`, `end_time`, `is_register_open`, `student_limit`, `created_at`) VALUES
(1, 'SWD JAN 2024', 3, '2024-01-27', '15:00:00', '17:00:00', 0, 45, '2024-03-19 03:33:17'),
(2, 'WAD FEB 2024', 4, '2024-02-07', '13:00:00', '15:00:00', 0, 30, '2024-03-19 03:33:17'),
(3, 'SWD MAR 2024', 3, '2024-03-23', '13:00:00', '15:00:00', 1, 70, '2024-03-19 03:33:17'),
(4, 'SWD APR 2024', 3, '2024-04-05', '09:00:00', '11:00:00', 1, 25, '2024-03-19 03:33:17'),
(5, 'PUD APR 2024', 5, '2024-04-05', '09:00:00', '11:00:00', 1, 25, '2024-03-19 03:33:17');

-- --------------------------------------------------------

--
-- Table structure for table `courses`
--

CREATE TABLE `courses` (
  `id` bigint UNSIGNED NOT NULL,
  `title` varchar(50) CHARACTER SET utf8mb4 COLLATE utf8mb4_unicode_ci NOT NULL,
  `short` varchar(10) CHARACTER SET utf8mb4 COLLATE utf8mb4_unicode_ci NOT NULL,
  `fee` int NOT NULL,
  `created_at` timestamp NULL DEFAULT NULL
) ENGINE=InnoDB DEFAULT CHARSET=utf8mb4 COLLATE=utf8mb4_unicode_ci;

--
-- Dumping data for table `courses`
--

INSERT INTO `courses` (`id`, `title`, `short`, `fee`, `created_at`) VALUES
(1, 'Web Development Foundation', 'WDF', 0, '2024-03-19 03:33:17'),
(2, 'Basic UI Design', 'BUD', 80000, '2024-03-19 03:33:17'),
(3, 'Special Web Design', 'SWD', 300000, '2024-03-19 03:33:17'),
(4, 'Web Application Development', 'WAD', 300000, '2024-03-19 03:33:17'),
(5, 'Premium UI Design', 'PUD', 300000, '2024-03-19 03:33:17');

-- --------------------------------------------------------

--
-- Table structure for table `enrollments`
--

CREATE TABLE `enrollments` (
  `id` bigint UNSIGNED NOT NULL,
  `student_id` bigint NOT NULL,
  `batch_id` bigint NOT NULL,
  `created_at` timestamp NULL DEFAULT NULL,
  `updated_at` timestamp NULL DEFAULT NULL
) ENGINE=InnoDB DEFAULT CHARSET=utf8mb4 COLLATE=utf8mb4_unicode_ci;

--
-- Dumping data for table `enrollments`
--

INSERT INTO `enrollments` (`id`, `student_id`, `batch_id`, `created_at`, `updated_at`) VALUES
(1, 35, 1, '2024-03-19 03:33:17', '2024-03-19 03:33:17'),
(2, 2, 4, '2024-03-19 03:33:17', '2024-03-19 03:33:17'),
(3, 70, 2, '2024-03-19 03:33:17', '2024-03-19 03:33:17'),
(4, 121, 2, '2024-03-19 03:33:17', '2024-03-19 03:33:17'),
(5, 250, 4, '2024-03-19 03:33:17', '2024-03-19 03:33:17'),
(6, 335, 4, '2024-03-19 03:33:17', '2024-03-19 03:33:17'),
(7, 19, 2, '2024-03-19 03:33:17', '2024-03-19 03:33:17'),
(8, 159, 3, '2024-03-19 03:33:17', '2024-03-19 03:33:17'),
(9, 325, 1, '2024-03-19 03:33:17', '2024-03-19 03:33:17'),
(10, 27, 1, '2024-03-19 03:33:17', '2024-03-19 03:33:17'),
(11, 312, 4, '2024-03-19 03:33:17', '2024-03-19 03:33:17'),
(12, 223, 1, '2024-03-19 03:33:17', '2024-03-19 03:33:17'),
(13, 28, 4, '2024-03-19 03:33:17', '2024-03-19 03:33:17'),
(14, 193, 2, '2024-03-19 03:33:17', '2024-03-19 03:33:17'),
(15, 13, 3, '2024-03-19 03:33:17', '2024-03-19 03:33:17'),
(16, 102, 4, '2024-03-19 03:33:17', '2024-03-19 03:33:17'),
(17, 120, 4, '2024-03-19 03:33:17', '2024-03-19 03:33:17'),
(18, 411, 3, '2024-03-19 03:33:17', '2024-03-19 03:33:17'),
(19, 317, 1, '2024-03-19 03:33:17', '2024-03-19 03:33:17'),
(20, 156, 1, '2024-03-19 03:33:17', '2024-03-19 03:33:17'),
(21, 360, 4, '2024-03-19 03:33:17', '2024-03-19 03:33:17'),
(22, 201, 2, '2024-03-19 03:33:17', '2024-03-19 03:33:17'),
(23, 230, 3, '2024-03-19 03:33:17', '2024-03-19 03:33:17'),
(24, 340, 1, '2024-03-19 03:33:17', '2024-03-19 03:33:17'),
(25, 81, 4, '2024-03-19 03:33:17', '2024-03-19 03:33:17'),
(26, 278, 3, '2024-03-19 03:33:17', '2024-03-19 03:33:17'),
(27, 46, 3, '2024-03-19 03:33:17', '2024-03-19 03:33:17'),
(28, 441, 2, '2024-03-19 03:33:17', '2024-03-19 03:33:17'),
(29, 371, 3, '2024-03-19 03:33:17', '2024-03-19 03:33:17'),
(30, 269, 2, '2024-03-19 03:33:17', '2024-03-19 03:33:17'),
(31, 414, 1, '2024-03-19 03:33:17', '2024-03-19 03:33:17'),
(32, 236, 1, '2024-03-19 03:33:17', '2024-03-19 03:33:17'),
(33, 220, 3, '2024-03-19 03:33:17', '2024-03-19 03:33:17'),
(34, 36, 1, '2024-03-19 03:33:17', '2024-03-19 03:33:17'),
(35, 101, 3, '2024-03-19 03:33:17', '2024-03-19 03:33:17'),
(36, 131, 4, '2024-03-19 03:33:17', '2024-03-19 03:33:17'),
(37, 64, 4, '2024-03-19 03:33:17', '2024-03-19 03:33:17'),
(38, 386, 2, '2024-03-19 03:33:17', '2024-03-19 03:33:17'),
(39, 175, 2, '2024-03-19 03:33:17', '2024-03-19 03:33:17'),
(40, 207, 4, '2024-03-19 03:33:17', '2024-03-19 03:33:17'),
(41, 373, 2, '2024-03-19 03:33:17', '2024-03-19 03:33:17'),
(42, 340, 1, '2024-03-19 03:33:17', '2024-03-19 03:33:17'),
(43, 139, 2, '2024-03-19 03:33:17', '2024-03-19 03:33:17'),
(44, 156, 4, '2024-03-19 03:33:17', '2024-03-19 03:33:17'),
(45, 163, 2, '2024-03-19 03:33:17', '2024-03-19 03:33:17'),
(46, 143, 3, '2024-03-19 03:33:17', '2024-03-19 03:33:17'),
(47, 20, 4, '2024-03-19 03:33:17', '2024-03-19 03:33:17'),
(48, 186, 2, '2024-03-19 03:33:17', '2024-03-19 03:33:17'),
(49, 10, 2, '2024-03-19 03:33:17', '2024-03-19 03:33:17'),
(50, 314, 3, '2024-03-19 03:33:17', '2024-03-19 03:33:17'),
(51, 232, 3, '2024-03-19 03:33:17', '2024-03-19 03:33:17'),
(52, 180, 3, '2024-03-19 03:33:17', '2024-03-19 03:33:17'),
(53, 170, 2, '2024-03-19 03:33:17', '2024-03-19 03:33:17'),
(54, 204, 3, '2024-03-19 03:33:17', '2024-03-19 03:33:17'),
(55, 148, 1, '2024-03-19 03:33:17', '2024-03-19 03:33:17'),
(56, 382, 1, '2024-03-19 03:33:17', '2024-03-19 03:33:17'),
(57, 379, 3, '2024-03-19 03:33:17', '2024-03-19 03:33:17'),
(58, 47, 4, '2024-03-19 03:33:17', '2024-03-19 03:33:17'),
(59, 4, 2, '2024-03-19 03:33:17', '2024-03-19 03:33:17'),
(60, 416, 1, '2024-03-19 03:33:17', '2024-03-19 03:33:17'),
(61, 279, 1, '2024-03-19 03:33:17', '2024-03-19 03:33:17'),
(62, 132, 4, '2024-03-19 03:33:17', '2024-03-19 03:33:17'),
(63, 167, 2, '2024-03-19 03:33:17', '2024-03-19 03:33:17'),
(64, 435, 4, '2024-03-19 03:33:17', '2024-03-19 03:33:17'),
(65, 352, 3, '2024-03-19 03:33:17', '2024-03-19 03:33:17'),
(66, 432, 1, '2024-03-19 03:33:17', '2024-03-19 03:33:17'),
(67, 64, 1, '2024-03-19 03:33:17', '2024-03-19 03:33:17'),
(68, 223, 4, '2024-03-19 03:33:18', '2024-03-19 03:33:18'),
(69, 269, 4, '2024-03-19 03:33:18', '2024-03-19 03:33:18'),
(70, 282, 2, '2024-03-19 03:33:18', '2024-03-19 03:33:18'),
(71, 60, 1, '2024-03-19 03:33:18', '2024-03-19 03:33:18'),
(72, 227, 3, '2024-03-19 03:33:18', '2024-03-19 03:33:18'),
(73, 32, 3, '2024-03-19 03:33:18', '2024-03-19 03:33:18'),
(74, 65, 1, '2024-03-19 03:33:18', '2024-03-19 03:33:18'),
(75, 130, 4, '2024-03-19 03:33:18', '2024-03-19 03:33:18'),
(76, 381, 4, '2024-03-19 03:33:18', '2024-03-19 03:33:18'),
(77, 384, 1, '2024-03-19 03:33:18', '2024-03-19 03:33:18'),
(78, 7, 1, '2024-03-19 03:33:18', '2024-03-19 03:33:18'),
(79, 300, 3, '2024-03-19 03:33:18', '2024-03-19 03:33:18'),
(80, 248, 1, '2024-03-19 03:33:18', '2024-03-19 03:33:18'),
(81, 18, 3, '2024-03-19 03:33:18', '2024-03-19 03:33:18'),
(82, 109, 3, '2024-03-19 03:33:18', '2024-03-19 03:33:18'),
(83, 299, 2, '2024-03-19 03:33:18', '2024-03-19 03:33:18'),
(84, 43, 1, '2024-03-19 03:33:18', '2024-03-19 03:33:18'),
(85, 159, 1, '2024-03-19 03:33:18', '2024-03-19 03:33:18'),
(86, 10, 4, '2024-03-19 03:33:18', '2024-03-19 03:33:18'),
(87, 66, 2, '2024-03-19 03:33:18', '2024-03-19 03:33:18'),
(88, 29, 2, '2024-03-19 03:33:18', '2024-03-19 03:33:18'),
(89, 408, 1, '2024-03-19 03:33:18', '2024-03-19 03:33:18'),
(90, 167, 1, '2024-03-19 03:33:18', '2024-03-19 03:33:18'),
(91, 93, 3, '2024-03-19 03:33:18', '2024-03-19 03:33:18'),
(92, 322, 3, '2024-03-19 03:33:18', '2024-03-19 03:33:18'),
(93, 36, 4, '2024-03-19 03:33:18', '2024-03-19 03:33:18'),
(94, 408, 1, '2024-03-19 03:33:18', '2024-03-19 03:33:18'),
(95, 107, 4, '2024-03-19 03:33:18', '2024-03-19 03:33:18'),
(96, 257, 3, '2024-03-19 03:33:18', '2024-03-19 03:33:18'),
(97, 231, 4, '2024-03-19 03:33:18', '2024-03-19 03:33:18'),
(98, 182, 2, '2024-03-19 03:33:18', '2024-03-19 03:33:18'),
(99, 323, 4, '2024-03-19 03:33:18', '2024-03-19 03:33:18'),
(100, 377, 1, '2024-03-19 03:33:18', '2024-03-19 03:33:18'),
(101, 109, 1, '2024-03-19 03:33:18', '2024-03-19 03:33:18'),
(102, 166, 1, '2024-03-19 03:33:18', '2024-03-19 03:33:18'),
(103, 172, 2, '2024-03-19 03:33:18', '2024-03-19 03:33:18'),
(104, 161, 4, '2024-03-19 03:33:18', '2024-03-19 03:33:18'),
(105, 227, 1, '2024-03-19 03:33:18', '2024-03-19 03:33:18'),
(106, 440, 2, '2024-03-19 03:33:18', '2024-03-19 03:33:18'),
(107, 326, 3, '2024-03-19 03:33:18', '2024-03-19 03:33:18'),
(108, 306, 1, '2024-03-19 03:33:18', '2024-03-19 03:33:18'),
(109, 105, 4, '2024-03-19 03:33:18', '2024-03-19 03:33:18'),
(110, 172, 2, '2024-03-19 03:33:18', '2024-03-19 03:33:18'),
(111, 18, 2, '2024-03-19 03:33:18', '2024-03-19 03:33:18'),
(112, 448, 2, '2024-03-19 03:33:18', '2024-03-19 03:33:18'),
(113, 371, 4, '2024-03-19 03:33:18', '2024-03-19 03:33:18'),
(114, 336, 3, '2024-03-19 03:33:18', '2024-03-19 03:33:18'),
(115, 13, 1, '2024-03-19 03:33:18', '2024-03-19 03:33:18'),
(116, 258, 4, '2024-03-19 03:33:18', '2024-03-19 03:33:18'),
(117, 367, 2, '2024-03-19 03:33:18', '2024-03-19 03:33:18'),
(118, 447, 3, '2024-03-19 03:33:18', '2024-03-19 03:33:18'),
(119, 175, 1, '2024-03-19 03:33:18', '2024-03-19 03:33:18'),
(120, 354, 4, '2024-03-19 03:33:18', '2024-03-19 03:33:18'),
(121, 321, 4, '2024-03-19 03:33:18', '2024-03-19 03:33:18'),
(122, 353, 4, '2024-03-19 03:33:18', '2024-03-19 03:33:18'),
(123, 39, 3, '2024-03-19 03:33:18', '2024-03-19 03:33:18'),
(124, 358, 2, '2024-03-19 03:33:18', '2024-03-19 03:33:18'),
(125, 233, 1, '2024-03-19 03:33:18', '2024-03-19 03:33:18'),
(126, 445, 2, '2024-03-19 03:33:18', '2024-03-19 03:33:18'),
(127, 79, 4, '2024-03-19 03:33:18', '2024-03-19 03:33:18'),
(128, 31, 2, '2024-03-19 03:33:18', '2024-03-19 03:33:18'),
(129, 274, 3, '2024-03-19 03:33:18', '2024-03-19 03:33:18'),
(130, 239, 2, '2024-03-19 03:33:18', '2024-03-19 03:33:18'),
(131, 78, 3, '2024-03-19 03:33:18', '2024-03-19 03:33:18'),
(132, 389, 1, '2024-03-19 03:33:18', '2024-03-19 03:33:18'),
(133, 271, 1, '2024-03-19 03:33:18', '2024-03-19 03:33:18'),
(134, 317, 2, '2024-03-19 03:33:18', '2024-03-19 03:33:18'),
(135, 284, 3, '2024-03-19 03:33:18', '2024-03-19 03:33:18'),
(136, 8, 3, '2024-03-19 03:33:18', '2024-03-19 03:33:18'),
(137, 156, 1, '2024-03-19 03:33:18', '2024-03-19 03:33:18'),
(138, 354, 1, '2024-03-19 03:33:18', '2024-03-19 03:33:18'),
(139, 84, 2, '2024-03-19 03:33:18', '2024-03-19 03:33:18'),
(140, 138, 1, '2024-03-19 03:33:18', '2024-03-19 03:33:18'),
(141, 66, 4, '2024-03-19 03:33:18', '2024-03-19 03:33:18'),
(142, 389, 3, '2024-03-19 03:33:18', '2024-03-19 03:33:18'),
(143, 267, 3, '2024-03-19 03:33:18', '2024-03-19 03:33:18'),
(144, 167, 1, '2024-03-19 03:33:18', '2024-03-19 03:33:18'),
(145, 160, 1, '2024-03-19 03:33:18', '2024-03-19 03:33:18'),
(146, 341, 2, '2024-03-19 03:33:18', '2024-03-19 03:33:18'),
(147, 67, 1, '2024-03-19 03:33:18', '2024-03-19 03:33:18'),
(148, 144, 2, '2024-03-19 03:33:18', '2024-03-19 03:33:18'),
(149, 326, 3, '2024-03-19 03:33:18', '2024-03-19 03:33:18'),
(150, 108, 4, '2024-03-19 03:33:18', '2024-03-19 03:33:18'),
(151, 324, 1, '2024-03-19 03:33:18', '2024-03-19 03:33:18'),
(152, 140, 3, '2024-03-19 03:33:18', '2024-03-19 03:33:18'),
(153, 355, 4, '2024-03-19 03:33:18', '2024-03-19 03:33:18'),
(154, 388, 2, '2024-03-19 03:33:18', '2024-03-19 03:33:18'),
(155, 237, 2, '2024-03-19 03:33:18', '2024-03-19 03:33:18'),
(156, 158, 4, '2024-03-19 03:33:18', '2024-03-19 03:33:18'),
(157, 423, 2, '2024-03-19 03:33:18', '2024-03-19 03:33:18'),
(158, 387, 2, '2024-03-19 03:33:18', '2024-03-19 03:33:18'),
(159, 50, 1, '2024-03-19 03:33:18', '2024-03-19 03:33:18'),
(160, 23, 4, '2024-03-19 03:33:18', '2024-03-19 03:33:18'),
(161, 277, 2, '2024-03-19 03:33:18', '2024-03-19 03:33:18'),
(162, 225, 3, '2024-03-19 03:33:18', '2024-03-19 03:33:18'),
(163, 445, 3, '2024-03-19 03:33:18', '2024-03-19 03:33:18'),
(164, 437, 1, '2024-03-19 03:33:18', '2024-03-19 03:33:18'),
(165, 86, 1, '2024-03-19 03:33:18', '2024-03-19 03:33:18'),
(166, 84, 2, '2024-03-19 03:33:18', '2024-03-19 03:33:18'),
(167, 102, 4, '2024-03-19 03:33:18', '2024-03-19 03:33:18'),
(168, 300, 2, '2024-03-19 03:33:18', '2024-03-19 03:33:18'),
(169, 449, 1, '2024-03-19 03:33:18', '2024-03-19 03:33:18'),
(170, 333, 1, '2024-03-19 03:33:18', '2024-03-19 03:33:18'),
(171, 122, 3, '2024-03-19 03:33:18', '2024-03-19 03:33:18'),
(172, 316, 2, '2024-03-19 03:33:18', '2024-03-19 03:33:18'),
(173, 372, 4, '2024-03-19 03:33:18', '2024-03-19 03:33:18'),
(174, 46, 4, '2024-03-19 03:33:18', '2024-03-19 03:33:18'),
(175, 411, 4, '2024-03-19 03:33:18', '2024-03-19 03:33:18'),
(176, 192, 4, '2024-03-19 03:33:18', '2024-03-19 03:33:18'),
(177, 5, 1, '2024-03-19 03:33:18', '2024-03-19 03:33:18'),
(178, 254, 3, '2024-03-19 03:33:18', '2024-03-19 03:33:18'),
(179, 228, 2, '2024-03-19 03:33:18', '2024-03-19 03:33:18'),
(180, 110, 1, '2024-03-19 03:33:18', '2024-03-19 03:33:18'),
(181, 382, 2, '2024-03-19 03:33:18', '2024-03-19 03:33:18'),
(182, 4, 4, '2024-03-19 03:33:18', '2024-03-19 03:33:18'),
(183, 156, 1, '2024-03-19 03:33:18', '2024-03-19 03:33:18'),
(184, 410, 2, '2024-03-19 03:33:18', '2024-03-19 03:33:18'),
(185, 338, 4, '2024-03-19 03:33:18', '2024-03-19 03:33:18'),
(186, 363, 3, '2024-03-19 03:33:18', '2024-03-19 03:33:18'),
(187, 343, 2, '2024-03-19 03:33:18', '2024-03-19 03:33:18'),
(188, 447, 4, '2024-03-19 03:33:18', '2024-03-19 03:33:18'),
(189, 384, 1, '2024-03-19 03:33:18', '2024-03-19 03:33:18'),
(190, 443, 3, '2024-03-19 03:33:18', '2024-03-19 03:33:18'),
(191, 448, 2, '2024-03-19 03:33:18', '2024-03-19 03:33:18'),
(192, 32, 3, '2024-03-19 03:33:18', '2024-03-19 03:33:18'),
(193, 339, 2, '2024-03-19 03:33:18', '2024-03-19 03:33:18'),
(194, 360, 4, '2024-03-19 03:33:18', '2024-03-19 03:33:18'),
(195, 79, 3, '2024-03-19 03:33:18', '2024-03-19 03:33:18'),
(196, 201, 1, '2024-03-19 03:33:18', '2024-03-19 03:33:18'),
(197, 310, 1, '2024-03-19 03:33:18', '2024-03-19 03:33:18'),
(198, 381, 1, '2024-03-19 03:33:18', '2024-03-19 03:33:18'),
(199, 25, 1, '2024-03-19 03:33:18', '2024-03-19 03:33:18'),
(200, 279, 1, '2024-03-19 03:33:18', '2024-03-19 03:33:18'),
(201, 250, 1, '2024-03-19 03:33:18', '2024-03-19 03:33:18'),
(202, 346, 2, '2024-03-19 03:33:18', '2024-03-19 03:33:18'),
(203, 74, 1, '2024-03-19 03:33:18', '2024-03-19 03:33:18'),
(204, 252, 4, '2024-03-19 03:33:18', '2024-03-19 03:33:18'),
(205, 8, 1, '2024-03-19 03:33:18', '2024-03-19 03:33:18'),
(206, 178, 2, '2024-03-19 03:33:18', '2024-03-19 03:33:18'),
(207, 177, 1, '2024-03-19 03:33:18', '2024-03-19 03:33:18'),
(208, 268, 2, '2024-03-19 03:33:18', '2024-03-19 03:33:18'),
(209, 285, 1, '2024-03-19 03:33:18', '2024-03-19 03:33:18'),
(210, 74, 3, '2024-03-19 03:33:18', '2024-03-19 03:33:18'),
(211, 354, 3, '2024-03-19 03:33:18', '2024-03-19 03:33:18'),
(212, 342, 4, '2024-03-19 03:33:18', '2024-03-19 03:33:18'),
(213, 40, 2, '2024-03-19 03:33:18', '2024-03-19 03:33:18'),
(214, 257, 4, '2024-03-19 03:33:18', '2024-03-19 03:33:18'),
(215, 426, 3, '2024-03-19 03:33:18', '2024-03-19 03:33:18'),
(216, 184, 4, '2024-03-19 03:33:18', '2024-03-19 03:33:18'),
(217, 412, 3, '2024-03-19 03:33:18', '2024-03-19 03:33:18'),
(218, 110, 3, '2024-03-19 03:33:18', '2024-03-19 03:33:18'),
(219, 430, 4, '2024-03-19 03:33:18', '2024-03-19 03:33:18'),
(220, 180, 1, '2024-03-19 03:33:18', '2024-03-19 03:33:18'),
(221, 225, 3, '2024-03-19 03:33:18', '2024-03-19 03:33:18'),
(222, 74, 2, '2024-03-19 03:33:18', '2024-03-19 03:33:18'),
(223, 437, 1, '2024-03-19 03:33:18', '2024-03-19 03:33:18'),
(224, 330, 4, '2024-03-19 03:33:18', '2024-03-19 03:33:18'),
(225, 169, 2, '2024-03-19 03:33:18', '2024-03-19 03:33:18'),
(226, 86, 1, '2024-03-19 03:33:18', '2024-03-19 03:33:18'),
(227, 255, 1, '2024-03-19 03:33:18', '2024-03-19 03:33:18'),
(228, 131, 1, '2024-03-19 03:33:18', '2024-03-19 03:33:18'),
(229, 47, 3, '2024-03-19 03:33:18', '2024-03-19 03:33:18'),
(230, 231, 2, '2024-03-19 03:33:18', '2024-03-19 03:33:18'),
(231, 224, 3, '2024-03-19 03:33:18', '2024-03-19 03:33:18'),
(232, 49, 4, '2024-03-19 03:33:18', '2024-03-19 03:33:18'),
(233, 278, 3, '2024-03-19 03:33:18', '2024-03-19 03:33:18'),
(234, 288, 2, '2024-03-19 03:33:18', '2024-03-19 03:33:18'),
(235, 9, 3, '2024-03-19 03:33:18', '2024-03-19 03:33:18'),
(236, 292, 2, '2024-03-19 03:33:18', '2024-03-19 03:33:18'),
(237, 129, 3, '2024-03-19 03:33:18', '2024-03-19 03:33:18'),
(238, 384, 2, '2024-03-19 03:33:18', '2024-03-19 03:33:18'),
(239, 351, 2, '2024-03-19 03:33:18', '2024-03-19 03:33:18'),
(240, 101, 3, '2024-03-19 03:33:18', '2024-03-19 03:33:18'),
(241, 288, 3, '2024-03-19 03:33:18', '2024-03-19 03:33:18'),
(242, 92, 3, '2024-03-19 03:33:18', '2024-03-19 03:33:18'),
(243, 279, 2, '2024-03-19 03:33:18', '2024-03-19 03:33:18'),
(244, 47, 2, '2024-03-19 03:33:18', '2024-03-19 03:33:18'),
(245, 76, 3, '2024-03-19 03:33:18', '2024-03-19 03:33:18'),
(246, 367, 1, '2024-03-19 03:33:18', '2024-03-19 03:33:18'),
(247, 376, 4, '2024-03-19 03:33:18', '2024-03-19 03:33:18'),
(248, 430, 3, '2024-03-19 03:33:18', '2024-03-19 03:33:18'),
(249, 206, 2, '2024-03-19 03:33:18', '2024-03-19 03:33:18'),
(250, 385, 1, '2024-03-19 03:33:18', '2024-03-19 03:33:18'),
(251, 178, 4, '2024-03-19 03:33:18', '2024-03-19 03:33:18'),
(252, 109, 1, '2024-03-19 03:33:18', '2024-03-19 03:33:18'),
(253, 59, 1, '2024-03-19 03:33:18', '2024-03-19 03:33:18'),
(254, 78, 2, '2024-03-19 03:33:18', '2024-03-19 03:33:18'),
(255, 331, 1, '2024-03-19 03:33:18', '2024-03-19 03:33:18'),
(256, 39, 3, '2024-03-19 03:33:18', '2024-03-19 03:33:18'),
(257, 262, 2, '2024-03-19 03:33:18', '2024-03-19 03:33:18'),
(258, 57, 3, '2024-03-19 03:33:18', '2024-03-19 03:33:18'),
(259, 70, 2, '2024-03-19 03:33:18', '2024-03-19 03:33:18'),
(260, 102, 3, '2024-03-19 03:33:18', '2024-03-19 03:33:18'),
(261, 258, 1, '2024-03-19 03:33:18', '2024-03-19 03:33:18'),
(262, 186, 1, '2024-03-19 03:33:18', '2024-03-19 03:33:18'),
(263, 241, 1, '2024-03-19 03:33:18', '2024-03-19 03:33:18'),
(264, 197, 2, '2024-03-19 03:33:18', '2024-03-19 03:33:18'),
(265, 210, 1, '2024-03-19 03:33:18', '2024-03-19 03:33:18'),
(266, 273, 1, '2024-03-19 03:33:18', '2024-03-19 03:33:18'),
(267, 10, 3, '2024-03-19 03:33:18', '2024-03-19 03:33:18'),
(268, 81, 1, '2024-03-19 03:33:18', '2024-03-19 03:33:18'),
(269, 62, 4, '2024-03-19 03:33:18', '2024-03-19 03:33:18'),
(270, 261, 4, '2024-03-19 03:33:18', '2024-03-19 03:33:18'),
(271, 75, 1, '2024-03-19 03:33:18', '2024-03-19 03:33:18'),
(272, 385, 1, '2024-03-19 03:33:18', '2024-03-19 03:33:18'),
(273, 234, 1, '2024-03-19 03:33:18', '2024-03-19 03:33:18'),
(274, 16, 4, '2024-03-19 03:33:18', '2024-03-19 03:33:18'),
(275, 161, 1, '2024-03-19 03:33:18', '2024-03-19 03:33:18'),
(276, 206, 2, '2024-03-19 03:33:18', '2024-03-19 03:33:18'),
(277, 162, 4, '2024-03-19 03:33:18', '2024-03-19 03:33:18'),
(278, 315, 2, '2024-03-19 03:33:18', '2024-03-19 03:33:18'),
(279, 351, 2, '2024-03-19 03:33:18', '2024-03-19 03:33:18'),
(280, 220, 2, '2024-03-19 03:33:18', '2024-03-19 03:33:18'),
(281, 362, 3, '2024-03-19 03:33:18', '2024-03-19 03:33:18'),
(282, 201, 2, '2024-03-19 03:33:18', '2024-03-19 03:33:18'),
(283, 123, 2, '2024-03-19 03:33:18', '2024-03-19 03:33:18'),
(284, 181, 2, '2024-03-19 03:33:18', '2024-03-19 03:33:18'),
(285, 225, 2, '2024-03-19 03:33:18', '2024-03-19 03:33:18'),
(286, 302, 1, '2024-03-19 03:33:18', '2024-03-19 03:33:18'),
(287, 293, 4, '2024-03-19 03:33:18', '2024-03-19 03:33:18'),
(288, 73, 1, '2024-03-19 03:33:18', '2024-03-19 03:33:18'),
(289, 44, 1, '2024-03-19 03:33:18', '2024-03-19 03:33:18'),
(290, 304, 1, '2024-03-19 03:33:18', '2024-03-19 03:33:18'),
(291, 212, 1, '2024-03-19 03:33:18', '2024-03-19 03:33:18'),
(292, 84, 3, '2024-03-19 03:33:18', '2024-03-19 03:33:18'),
(293, 276, 2, '2024-03-19 03:33:18', '2024-03-19 03:33:18'),
(294, 412, 4, '2024-03-19 03:33:18', '2024-03-19 03:33:18'),
(295, 289, 1, '2024-03-19 03:33:18', '2024-03-19 03:33:18'),
(296, 46, 3, '2024-03-19 03:33:18', '2024-03-19 03:33:18'),
(297, 262, 3, '2024-03-19 03:33:18', '2024-03-19 03:33:18'),
(298, 81, 4, '2024-03-19 03:33:18', '2024-03-19 03:33:18'),
(299, 400, 4, '2024-03-19 03:33:18', '2024-03-19 03:33:18'),
(300, 340, 1, '2024-03-19 03:33:18', '2024-03-19 03:33:18'),
(301, 54, 1, '2024-03-19 03:33:18', '2024-03-19 03:33:18'),
(302, 20, 4, '2024-03-19 03:33:18', '2024-03-19 03:33:18'),
(303, 402, 2, '2024-03-19 03:33:18', '2024-03-19 03:33:18'),
(304, 350, 1, '2024-03-19 03:33:18', '2024-03-19 03:33:18'),
(305, 147, 1, '2024-03-19 03:33:18', '2024-03-19 03:33:18'),
(306, 433, 3, '2024-03-19 03:33:18', '2024-03-19 03:33:18'),
(307, 261, 3, '2024-03-19 03:33:18', '2024-03-19 03:33:18'),
(308, 276, 2, '2024-03-19 03:33:18', '2024-03-19 03:33:18'),
(309, 2, 3, '2024-03-19 03:33:18', '2024-03-19 03:33:18'),
(310, 229, 4, '2024-03-19 03:33:18', '2024-03-19 03:33:18'),
(311, 294, 3, '2024-03-19 03:33:18', '2024-03-19 03:33:18'),
(312, 112, 2, '2024-03-19 03:33:18', '2024-03-19 03:33:18'),
(313, 365, 2, '2024-03-19 03:33:18', '2024-03-19 03:33:18'),
(314, 439, 3, '2024-03-19 03:33:18', '2024-03-19 03:33:18'),
(315, 49, 3, '2024-03-19 03:33:18', '2024-03-19 03:33:18'),
(316, 344, 3, '2024-03-19 03:33:18', '2024-03-19 03:33:18'),
(317, 219, 4, '2024-03-19 03:33:18', '2024-03-19 03:33:18'),
(318, 253, 4, '2024-03-19 03:33:18', '2024-03-19 03:33:18'),
(319, 182, 3, '2024-03-19 03:33:18', '2024-03-19 03:33:18'),
(320, 197, 2, '2024-03-19 03:33:18', '2024-03-19 03:33:18'),
(321, 93, 3, '2024-03-19 03:33:18', '2024-03-19 03:33:18'),
(322, 14, 1, '2024-03-19 03:33:18', '2024-03-19 03:33:18'),
(323, 108, 4, '2024-03-19 03:33:18', '2024-03-19 03:33:18'),
(324, 291, 1, '2024-03-19 03:33:18', '2024-03-19 03:33:18'),
(325, 70, 4, '2024-03-19 03:33:18', '2024-03-19 03:33:18'),
(326, 8, 4, '2024-03-19 03:33:18', '2024-03-19 03:33:18'),
(327, 259, 1, '2024-03-19 03:33:18', '2024-03-19 03:33:18'),
(328, 277, 4, '2024-03-19 03:33:18', '2024-03-19 03:33:18'),
(329, 175, 4, '2024-03-19 03:33:18', '2024-03-19 03:33:18'),
(330, 401, 4, '2024-03-19 03:33:18', '2024-03-19 03:33:18'),
(331, 82, 4, '2024-03-19 03:33:18', '2024-03-19 03:33:18'),
(332, 256, 3, '2024-03-19 03:33:18', '2024-03-19 03:33:18'),
(333, 248, 1, '2024-03-19 03:33:18', '2024-03-19 03:33:18'),
(334, 120, 2, '2024-03-19 03:33:18', '2024-03-19 03:33:18'),
(335, 41, 2, '2024-03-19 03:33:18', '2024-03-19 03:33:18'),
(336, 53, 3, '2024-03-19 03:33:18', '2024-03-19 03:33:18'),
(337, 333, 2, '2024-03-19 03:33:18', '2024-03-19 03:33:18'),
(338, 311, 3, '2024-03-19 03:33:18', '2024-03-19 03:33:18'),
(339, 284, 4, '2024-03-19 03:33:18', '2024-03-19 03:33:18'),
(340, 24, 2, '2024-03-19 03:33:18', '2024-03-19 03:33:18'),
(341, 206, 2, '2024-03-19 03:33:18', '2024-03-19 03:33:18'),
(342, 397, 4, '2024-03-19 03:33:18', '2024-03-19 03:33:18'),
(343, 285, 3, '2024-03-19 03:33:18', '2024-03-19 03:33:18'),
(344, 147, 4, '2024-03-19 03:33:18', '2024-03-19 03:33:18'),
(345, 5, 4, '2024-03-19 03:33:18', '2024-03-19 03:33:18'),
(346, 252, 4, '2024-03-19 03:33:18', '2024-03-19 03:33:18'),
(347, 441, 1, '2024-03-19 03:33:18', '2024-03-19 03:33:18'),
(348, 147, 4, '2024-03-19 03:33:18', '2024-03-19 03:33:18'),
(349, 203, 4, '2024-03-19 03:33:18', '2024-03-19 03:33:18'),
(350, 394, 3, '2024-03-19 03:33:18', '2024-03-19 03:33:18'),
(351, 424, 3, '2024-03-19 03:33:18', '2024-03-19 03:33:18'),
(352, 284, 3, '2024-03-19 03:33:18', '2024-03-19 03:33:18'),
(353, 39, 4, '2024-03-19 03:33:18', '2024-03-19 03:33:18'),
(354, 154, 2, '2024-03-19 03:33:18', '2024-03-19 03:33:18'),
(355, 353, 2, '2024-03-19 03:33:18', '2024-03-19 03:33:18'),
(356, 410, 1, '2024-03-19 03:33:18', '2024-03-19 03:33:18'),
(357, 288, 3, '2024-03-19 03:33:18', '2024-03-19 03:33:18'),
(358, 409, 3, '2024-03-19 03:33:18', '2024-03-19 03:33:18'),
(359, 73, 1, '2024-03-19 03:33:18', '2024-03-19 03:33:18'),
(360, 287, 4, '2024-03-19 03:33:18', '2024-03-19 03:33:18'),
(361, 110, 1, '2024-03-19 03:33:18', '2024-03-19 03:33:18'),
(362, 197, 3, '2024-03-19 03:33:18', '2024-03-19 03:33:18'),
(363, 197, 2, '2024-03-19 03:33:18', '2024-03-19 03:33:18'),
(364, 108, 3, '2024-03-19 03:33:18', '2024-03-19 03:33:18'),
(365, 260, 3, '2024-03-19 03:33:18', '2024-03-19 03:33:18'),
(366, 232, 2, '2024-03-19 03:33:18', '2024-03-19 03:33:18'),
(367, 336, 2, '2024-03-19 03:33:18', '2024-03-19 03:33:18'),
(368, 290, 3, '2024-03-19 03:33:18', '2024-03-19 03:33:18'),
(369, 448, 2, '2024-03-19 03:33:18', '2024-03-19 03:33:18'),
(370, 10, 4, '2024-03-19 03:33:18', '2024-03-19 03:33:18'),
(371, 404, 4, '2024-03-19 03:33:18', '2024-03-19 03:33:18'),
(372, 201, 4, '2024-03-19 03:33:18', '2024-03-19 03:33:18'),
(373, 279, 4, '2024-03-19 03:33:18', '2024-03-19 03:33:18'),
(374, 61, 3, '2024-03-19 03:33:18', '2024-03-19 03:33:18'),
(375, 272, 3, '2024-03-19 03:33:18', '2024-03-19 03:33:18'),
(376, 434, 4, '2024-03-19 03:33:18', '2024-03-19 03:33:18'),
(377, 138, 3, '2024-03-19 03:33:18', '2024-03-19 03:33:18'),
(378, 283, 3, '2024-03-19 03:33:18', '2024-03-19 03:33:18'),
(379, 389, 4, '2024-03-19 03:33:18', '2024-03-19 03:33:18'),
(380, 290, 1, '2024-03-19 03:33:18', '2024-03-19 03:33:18'),
(381, 160, 4, '2024-03-19 03:33:18', '2024-03-19 03:33:18'),
(382, 203, 1, '2024-03-19 03:33:18', '2024-03-19 03:33:18'),
(383, 56, 4, '2024-03-19 03:33:18', '2024-03-19 03:33:18'),
(384, 66, 1, '2024-03-19 03:33:18', '2024-03-19 03:33:18'),
(385, 65, 3, '2024-03-19 03:33:18', '2024-03-19 03:33:18'),
(386, 393, 1, '2024-03-19 03:33:18', '2024-03-19 03:33:18'),
(387, 160, 3, '2024-03-19 03:33:18', '2024-03-19 03:33:18'),
(388, 92, 2, '2024-03-19 03:33:18', '2024-03-19 03:33:18'),
(389, 151, 2, '2024-03-19 03:33:18', '2024-03-19 03:33:18'),
(390, 232, 2, '2024-03-19 03:33:18', '2024-03-19 03:33:18'),
(391, 326, 1, '2024-03-19 03:33:18', '2024-03-19 03:33:18'),
(392, 125, 2, '2024-03-19 03:33:18', '2024-03-19 03:33:18'),
(393, 413, 4, '2024-03-19 03:33:18', '2024-03-19 03:33:18'),
(394, 21, 3, '2024-03-19 03:33:18', '2024-03-19 03:33:18'),
(395, 19, 4, '2024-03-19 03:33:18', '2024-03-19 03:33:18'),
(396, 292, 1, '2024-03-19 03:33:18', '2024-03-19 03:33:18'),
(397, 155, 4, '2024-03-19 03:33:18', '2024-03-19 03:33:18'),
(398, 384, 1, '2024-03-19 03:33:18', '2024-03-19 03:33:18'),
(399, 306, 3, '2024-03-19 03:33:18', '2024-03-19 03:33:18'),
(400, 365, 1, '2024-03-19 03:33:18', '2024-03-19 03:33:18'),
(401, 303, 4, '2024-03-19 03:33:18', '2024-03-19 03:33:18'),
(402, 58, 3, '2024-03-19 03:33:18', '2024-03-19 03:33:18'),
(403, 219, 2, '2024-03-19 03:33:18', '2024-03-19 03:33:18'),
(404, 298, 2, '2024-03-19 03:33:18', '2024-03-19 03:33:18'),
(405, 301, 2, '2024-03-19 03:33:18', '2024-03-19 03:33:18'),
(406, 86, 4, '2024-03-19 03:33:18', '2024-03-19 03:33:18'),
(407, 426, 1, '2024-03-19 03:33:18', '2024-03-19 03:33:18'),
(408, 224, 3, '2024-03-19 03:33:18', '2024-03-19 03:33:18'),
(409, 424, 1, '2024-03-19 03:33:18', '2024-03-19 03:33:18'),
(410, 250, 1, '2024-03-19 03:33:18', '2024-03-19 03:33:18'),
(411, 144, 1, '2024-03-19 03:33:18', '2024-03-19 03:33:18'),
(412, 98, 4, '2024-03-19 03:33:18', '2024-03-19 03:33:18'),
(413, 397, 4, '2024-03-19 03:33:18', '2024-03-19 03:33:18'),
(414, 141, 1, '2024-03-19 03:33:18', '2024-03-19 03:33:18'),
(415, 17, 1, '2024-03-19 03:33:18', '2024-03-19 03:33:18'),
(416, 294, 4, '2024-03-19 03:33:18', '2024-03-19 03:33:18'),
(417, 20, 3, '2024-03-19 03:33:18', '2024-03-19 03:33:18'),
(418, 445, 4, '2024-03-19 03:33:18', '2024-03-19 03:33:18'),
(419, 191, 4, '2024-03-19 03:33:18', '2024-03-19 03:33:18'),
(420, 127, 2, '2024-03-19 03:33:18', '2024-03-19 03:33:18'),
(421, 357, 1, '2024-03-19 03:33:18', '2024-03-19 03:33:18'),
(422, 155, 1, '2024-03-19 03:33:18', '2024-03-19 03:33:18'),
(423, 106, 4, '2024-03-19 03:33:18', '2024-03-19 03:33:18'),
(424, 339, 3, '2024-03-19 03:33:18', '2024-03-19 03:33:18'),
(425, 58, 4, '2024-03-19 03:33:18', '2024-03-19 03:33:18'),
(426, 317, 1, '2024-03-19 03:33:18', '2024-03-19 03:33:18'),
(427, 90, 1, '2024-03-19 03:33:18', '2024-03-19 03:33:18'),
(428, 147, 1, '2024-03-19 03:33:18', '2024-03-19 03:33:18'),
(429, 285, 2, '2024-03-19 03:33:18', '2024-03-19 03:33:18'),
(430, 275, 4, '2024-03-19 03:33:18', '2024-03-19 03:33:18'),
(431, 322, 3, '2024-03-19 03:33:18', '2024-03-19 03:33:18'),
(432, 83, 3, '2024-03-19 03:33:18', '2024-03-19 03:33:18'),
(433, 52, 1, '2024-03-19 03:33:18', '2024-03-19 03:33:18'),
(434, 286, 2, '2024-03-19 03:33:18', '2024-03-19 03:33:18'),
(435, 383, 2, '2024-03-19 03:33:18', '2024-03-19 03:33:18'),
(436, 149, 1, '2024-03-19 03:33:18', '2024-03-19 03:33:18'),
(437, 59, 2, '2024-03-19 03:33:18', '2024-03-19 03:33:18'),
(438, 217, 2, '2024-03-19 03:33:18', '2024-03-19 03:33:18'),
(439, 210, 1, '2024-03-19 03:33:18', '2024-03-19 03:33:18'),
(440, 175, 4, '2024-03-19 03:33:18', '2024-03-19 03:33:18'),
(441, 448, 2, '2024-03-19 03:33:18', '2024-03-19 03:33:18'),
(442, 439, 3, '2024-03-19 03:33:18', '2024-03-19 03:33:18'),
(443, 273, 2, '2024-03-19 03:33:18', '2024-03-19 03:33:18'),
(444, 448, 2, '2024-03-19 03:33:18', '2024-03-19 03:33:18'),
(445, 283, 3, '2024-03-19 03:33:18', '2024-03-19 03:33:18'),
(446, 339, 4, '2024-03-19 03:33:18', '2024-03-19 03:33:18'),
(447, 183, 1, '2024-03-19 03:33:18', '2024-03-19 03:33:18'),
(448, 259, 1, '2024-03-19 03:33:18', '2024-03-19 03:33:18'),
(449, 196, 1, '2024-03-19 03:33:18', '2024-03-19 03:33:18'),
(450, 393, 4, '2024-03-19 03:33:18', '2024-03-19 03:33:18'),
(451, 10, 1, '2024-03-19 03:33:18', '2024-03-19 03:33:18'),
(452, 24, 4, '2024-03-19 03:33:18', '2024-03-19 03:33:18'),
(453, 326, 2, '2024-03-19 03:33:18', '2024-03-19 03:33:18'),
(454, 124, 2, '2024-03-19 03:33:18', '2024-03-19 03:33:18'),
(455, 332, 3, '2024-03-19 03:33:18', '2024-03-19 03:33:18'),
(456, 310, 2, '2024-03-19 03:33:18', '2024-03-19 03:33:18'),
(457, 81, 4, '2024-03-19 03:33:18', '2024-03-19 03:33:18'),
(458, 16, 3, '2024-03-19 03:33:18', '2024-03-19 03:33:18'),
(459, 364, 1, '2024-03-19 03:33:18', '2024-03-19 03:33:18'),
(460, 217, 3, '2024-03-19 03:33:18', '2024-03-19 03:33:18'),
(461, 214, 1, '2024-03-19 03:33:18', '2024-03-19 03:33:18'),
(462, 298, 4, '2024-03-19 03:33:18', '2024-03-19 03:33:18'),
(463, 326, 4, '2024-03-19 03:33:18', '2024-03-19 03:33:18'),
(464, 265, 2, '2024-03-19 03:33:18', '2024-03-19 03:33:18'),
(465, 131, 4, '2024-03-19 03:33:18', '2024-03-19 03:33:18'),
(466, 404, 1, '2024-03-19 03:33:18', '2024-03-19 03:33:18'),
(467, 173, 2, '2024-03-19 03:33:18', '2024-03-19 03:33:18'),
(468, 412, 2, '2024-03-19 03:33:18', '2024-03-19 03:33:18'),
(469, 422, 3, '2024-03-19 03:33:18', '2024-03-19 03:33:18'),
(470, 341, 1, '2024-03-19 03:33:18', '2024-03-19 03:33:18'),
(471, 312, 1, '2024-03-19 03:33:18', '2024-03-19 03:33:18'),
(472, 306, 2, '2024-03-19 03:33:18', '2024-03-19 03:33:18'),
(473, 192, 4, '2024-03-19 03:33:18', '2024-03-19 03:33:18'),
(474, 319, 4, '2024-03-19 03:33:18', '2024-03-19 03:33:18'),
(475, 379, 1, '2024-03-19 03:33:18', '2024-03-19 03:33:18'),
(476, 94, 4, '2024-03-19 03:33:18', '2024-03-19 03:33:18'),
(477, 152, 4, '2024-03-19 03:33:18', '2024-03-19 03:33:18'),
(478, 290, 1, '2024-03-19 03:33:18', '2024-03-19 03:33:18'),
(479, 203, 4, '2024-03-19 03:33:18', '2024-03-19 03:33:18'),
(480, 119, 2, '2024-03-19 03:33:18', '2024-03-19 03:33:18'),
(481, 100, 1, '2024-03-19 03:33:18', '2024-03-19 03:33:18'),
(482, 259, 4, '2024-03-19 03:33:18', '2024-03-19 03:33:18'),
(483, 176, 2, '2024-03-19 03:33:18', '2024-03-19 03:33:18'),
(484, 189, 2, '2024-03-19 03:33:18', '2024-03-19 03:33:18'),
(485, 57, 1, '2024-03-19 03:33:18', '2024-03-19 03:33:18'),
(486, 119, 2, '2024-03-19 03:33:18', '2024-03-19 03:33:18'),
(487, 125, 4, '2024-03-19 03:33:18', '2024-03-19 03:33:18'),
(488, 204, 1, '2024-03-19 03:33:18', '2024-03-19 03:33:18'),
(489, 92, 2, '2024-03-19 03:33:18', '2024-03-19 03:33:18'),
(490, 164, 2, '2024-03-19 03:33:18', '2024-03-19 03:33:18'),
(491, 285, 4, '2024-03-19 03:33:18', '2024-03-19 03:33:18'),
(492, 236, 3, '2024-03-19 03:33:18', '2024-03-19 03:33:18'),
(493, 111, 4, '2024-03-19 03:33:18', '2024-03-19 03:33:18'),
(494, 103, 1, '2024-03-19 03:33:18', '2024-03-19 03:33:18'),
(495, 10, 4, '2024-03-19 03:33:18', '2024-03-19 03:33:18'),
(496, 37, 4, '2024-03-19 03:33:18', '2024-03-19 03:33:18'),
(497, 321, 4, '2024-03-19 03:33:18', '2024-03-19 03:33:18'),
(498, 346, 2, '2024-03-19 03:33:18', '2024-03-19 03:33:18'),
(499, 371, 4, '2024-03-19 03:33:18', '2024-03-19 03:33:18'),
(500, 182, 2, '2024-03-19 03:33:18', '2024-03-19 03:33:18'),
(501, 196, 2, '2024-03-19 03:33:18', '2024-03-19 03:33:18'),
(502, 145, 1, '2024-03-19 03:33:18', '2024-03-19 03:33:18'),
(503, 415, 1, '2024-03-19 03:33:18', '2024-03-19 03:33:18'),
(504, 257, 1, '2024-03-19 03:33:18', '2024-03-19 03:33:18'),
(505, 339, 2, '2024-03-19 03:33:18', '2024-03-19 03:33:18'),
(506, 173, 3, '2024-03-19 03:33:18', '2024-03-19 03:33:18'),
(507, 190, 1, '2024-03-19 03:33:18', '2024-03-19 03:33:18'),
(508, 29, 4, '2024-03-19 03:33:18', '2024-03-19 03:33:18'),
(509, 417, 4, '2024-03-19 03:33:18', '2024-03-19 03:33:18'),
(510, 79, 2, '2024-03-19 03:33:18', '2024-03-19 03:33:18'),
(511, 151, 2, '2024-03-19 03:33:18', '2024-03-19 03:33:18'),
(512, 446, 2, '2024-03-19 03:33:18', '2024-03-19 03:33:18'),
(513, 117, 3, '2024-03-19 03:33:18', '2024-03-19 03:33:18'),
(514, 352, 2, '2024-03-19 03:33:18', '2024-03-19 03:33:18'),
(515, 243, 1, '2024-03-19 03:33:18', '2024-03-19 03:33:18'),
(516, 184, 4, '2024-03-19 03:33:18', '2024-03-19 03:33:18'),
(517, 153, 4, '2024-03-19 03:33:18', '2024-03-19 03:33:18'),
(518, 307, 2, '2024-03-19 03:33:18', '2024-03-19 03:33:18'),
(519, 164, 1, '2024-03-19 03:33:18', '2024-03-19 03:33:18'),
(520, 434, 4, '2024-03-19 03:33:18', '2024-03-19 03:33:18'),
(521, 321, 2, '2024-03-19 03:33:18', '2024-03-19 03:33:18'),
(522, 294, 3, '2024-03-19 03:33:18', '2024-03-19 03:33:18'),
(523, 129, 2, '2024-03-19 03:33:18', '2024-03-19 03:33:18'),
(524, 267, 2, '2024-03-19 03:33:18', '2024-03-19 03:33:18'),
(525, 364, 2, '2024-03-19 03:33:18', '2024-03-19 03:33:18'),
(526, 217, 4, '2024-03-19 03:33:18', '2024-03-19 03:33:18'),
(527, 172, 4, '2024-03-19 03:33:18', '2024-03-19 03:33:18'),
(528, 287, 4, '2024-03-19 03:33:18', '2024-03-19 03:33:18'),
(529, 179, 3, '2024-03-19 03:33:18', '2024-03-19 03:33:18'),
(530, 390, 3, '2024-03-19 03:33:18', '2024-03-19 03:33:18'),
(531, 151, 2, '2024-03-19 03:33:18', '2024-03-19 03:33:18'),
(532, 26, 1, '2024-03-19 03:33:18', '2024-03-19 03:33:18'),
(533, 55, 2, '2024-03-19 03:33:18', '2024-03-19 03:33:18'),
(534, 166, 3, '2024-03-19 03:33:18', '2024-03-19 03:33:18'),
(535, 243, 4, '2024-03-19 03:33:18', '2024-03-19 03:33:18'),
(536, 173, 1, '2024-03-19 03:33:18', '2024-03-19 03:33:18'),
(537, 245, 4, '2024-03-19 03:33:18', '2024-03-19 03:33:18'),
(538, 382, 2, '2024-03-19 03:33:18', '2024-03-19 03:33:18'),
(539, 34, 2, '2024-03-19 03:33:18', '2024-03-19 03:33:18'),
(540, 105, 2, '2024-03-19 03:33:18', '2024-03-19 03:33:18'),
(541, 367, 2, '2024-03-19 03:33:18', '2024-03-19 03:33:18'),
(542, 353, 4, '2024-03-19 03:33:18', '2024-03-19 03:33:18'),
(543, 370, 3, '2024-03-19 03:33:18', '2024-03-19 03:33:18'),
(544, 191, 3, '2024-03-19 03:33:18', '2024-03-19 03:33:18'),
(545, 174, 1, '2024-03-19 03:33:18', '2024-03-19 03:33:18'),
(546, 251, 3, '2024-03-19 03:33:18', '2024-03-19 03:33:18'),
(547, 411, 3, '2024-03-19 03:33:18', '2024-03-19 03:33:18'),
(548, 198, 1, '2024-03-19 03:33:18', '2024-03-19 03:33:18'),
(549, 333, 4, '2024-03-19 03:33:18', '2024-03-19 03:33:18'),
(550, 270, 3, '2024-03-19 03:33:18', '2024-03-19 03:33:18'),
(551, 22, 4, '2024-03-19 03:33:18', '2024-03-19 03:33:18'),
(552, 172, 1, '2024-03-19 03:33:18', '2024-03-19 03:33:18'),
(553, 44, 1, '2024-03-19 03:33:18', '2024-03-19 03:33:18'),
(554, 105, 1, '2024-03-19 03:33:18', '2024-03-19 03:33:18'),
(555, 28, 4, '2024-03-19 03:33:18', '2024-03-19 03:33:18'),
(556, 122, 2, '2024-03-19 03:33:18', '2024-03-19 03:33:18'),
(557, 2, 4, '2024-03-19 03:33:18', '2024-03-19 03:33:18'),
(558, 183, 4, '2024-03-19 03:33:18', '2024-03-19 03:33:18'),
(559, 386, 1, '2024-03-19 03:33:18', '2024-03-19 03:33:18'),
(560, 291, 2, '2024-03-19 03:33:18', '2024-03-19 03:33:18'),
(561, 393, 3, '2024-03-19 03:33:18', '2024-03-19 03:33:18'),
(562, 193, 4, '2024-03-19 03:33:18', '2024-03-19 03:33:18'),
(563, 360, 4, '2024-03-19 03:33:18', '2024-03-19 03:33:18'),
(564, 371, 3, '2024-03-19 03:33:18', '2024-03-19 03:33:18'),
(565, 179, 3, '2024-03-19 03:33:18', '2024-03-19 03:33:18'),
(566, 405, 3, '2024-03-19 03:33:18', '2024-03-19 03:33:18'),
(567, 158, 2, '2024-03-19 03:33:18', '2024-03-19 03:33:18'),
(568, 42, 2, '2024-03-19 03:33:18', '2024-03-19 03:33:18'),
(569, 24, 3, '2024-03-19 03:33:18', '2024-03-19 03:33:18'),
(570, 14, 1, '2024-03-19 03:33:18', '2024-03-19 03:33:18'),
(571, 238, 2, '2024-03-19 03:33:18', '2024-03-19 03:33:18'),
(572, 32, 1, '2024-03-19 03:33:18', '2024-03-19 03:33:18'),
(573, 430, 4, '2024-03-19 03:33:18', '2024-03-19 03:33:18'),
(574, 349, 1, '2024-03-19 03:33:18', '2024-03-19 03:33:18'),
(575, 250, 1, '2024-03-19 03:33:18', '2024-03-19 03:33:18'),
(576, 107, 2, '2024-03-19 03:33:18', '2024-03-19 03:33:18'),
(577, 280, 4, '2024-03-19 03:33:18', '2024-03-19 03:33:18'),
(578, 117, 2, '2024-03-19 03:33:18', '2024-03-19 03:33:18'),
(579, 190, 1, '2024-03-19 03:33:18', '2024-03-19 03:33:18'),
(580, 74, 2, '2024-03-19 03:33:18', '2024-03-19 03:33:18'),
(581, 350, 3, '2024-03-19 03:33:18', '2024-03-19 03:33:18'),
(582, 441, 1, '2024-03-19 03:33:18', '2024-03-19 03:33:18'),
(583, 348, 1, '2024-03-19 03:33:18', '2024-03-19 03:33:18'),
(584, 382, 2, '2024-03-19 03:33:18', '2024-03-19 03:33:18'),
(585, 331, 2, '2024-03-19 03:33:18', '2024-03-19 03:33:18'),
(586, 446, 4, '2024-03-19 03:33:18', '2024-03-19 03:33:18'),
(587, 245, 1, '2024-03-19 03:33:18', '2024-03-19 03:33:18'),
(588, 264, 1, '2024-03-19 03:33:18', '2024-03-19 03:33:18'),
(589, 348, 3, '2024-03-19 03:33:18', '2024-03-19 03:33:18'),
(590, 100, 2, '2024-03-19 03:33:18', '2024-03-19 03:33:18'),
(591, 172, 3, '2024-03-19 03:33:18', '2024-03-19 03:33:18'),
(592, 422, 3, '2024-03-19 03:33:18', '2024-03-19 03:33:18'),
(593, 366, 1, '2024-03-19 03:33:18', '2024-03-19 03:33:18'),
(594, 236, 1, '2024-03-19 03:33:18', '2024-03-19 03:33:18'),
(595, 338, 2, '2024-03-19 03:33:18', '2024-03-19 03:33:18'),
(596, 195, 1, '2024-03-19 03:33:18', '2024-03-19 03:33:18'),
(597, 394, 2, '2024-03-19 03:33:18', '2024-03-19 03:33:18'),
(598, 358, 1, '2024-03-19 03:33:18', '2024-03-19 03:33:18'),
(599, 283, 2, '2024-03-19 03:33:18', '2024-03-19 03:33:18'),
(600, 223, 1, '2024-03-19 03:33:18', '2024-03-19 03:33:18'),
(601, 65, 4, '2024-03-19 03:33:18', '2024-03-19 03:33:18'),
(602, 156, 1, '2024-03-19 03:33:18', '2024-03-19 03:33:18'),
(603, 164, 3, '2024-03-19 03:33:18', '2024-03-19 03:33:18'),
(604, 109, 1, '2024-03-19 03:33:18', '2024-03-19 03:33:18'),
(605, 446, 2, '2024-03-19 03:33:18', '2024-03-19 03:33:18'),
(606, 175, 4, '2024-03-19 03:33:18', '2024-03-19 03:33:18'),
(607, 28, 2, '2024-03-19 03:33:18', '2024-03-19 03:33:18'),
(608, 133, 2, '2024-03-19 03:33:18', '2024-03-19 03:33:18'),
(609, 193, 3, '2024-03-19 03:33:18', '2024-03-19 03:33:18'),
(610, 356, 1, '2024-03-19 03:33:18', '2024-03-19 03:33:18'),
(611, 46, 4, '2024-03-19 03:33:18', '2024-03-19 03:33:18'),
(612, 79, 3, '2024-03-19 03:33:18', '2024-03-19 03:33:18'),
(613, 235, 2, '2024-03-19 03:33:18', '2024-03-19 03:33:18'),
(614, 334, 4, '2024-03-19 03:33:18', '2024-03-19 03:33:18'),
(615, 155, 3, '2024-03-19 03:33:18', '2024-03-19 03:33:18'),
(616, 381, 2, '2024-03-19 03:33:18', '2024-03-19 03:33:18'),
(617, 449, 4, '2024-03-19 03:33:18', '2024-03-19 03:33:18'),
(618, 242, 1, '2024-03-19 03:33:18', '2024-03-19 03:33:18'),
(619, 268, 1, '2024-03-19 03:33:18', '2024-03-19 03:33:18'),
(620, 116, 4, '2024-03-19 03:33:18', '2024-03-19 03:33:18'),
(621, 395, 1, '2024-03-19 03:33:18', '2024-03-19 03:33:18'),
(622, 407, 1, '2024-03-19 03:33:18', '2024-03-19 03:33:18'),
(623, 384, 3, '2024-03-19 03:33:18', '2024-03-19 03:33:18'),
(624, 124, 2, '2024-03-19 03:33:18', '2024-03-19 03:33:18'),
(625, 342, 3, '2024-03-19 03:33:18', '2024-03-19 03:33:18'),
(626, 57, 3, '2024-03-19 03:33:18', '2024-03-19 03:33:18'),
(627, 214, 4, '2024-03-19 03:33:18', '2024-03-19 03:33:18'),
(628, 405, 4, '2024-03-19 03:33:18', '2024-03-19 03:33:18'),
(629, 77, 1, '2024-03-19 03:33:18', '2024-03-19 03:33:18'),
(630, 229, 3, '2024-03-19 03:33:18', '2024-03-19 03:33:18'),
(631, 208, 4, '2024-03-19 03:33:18', '2024-03-19 03:33:18'),
(632, 2, 2, '2024-03-19 03:33:18', '2024-03-19 03:33:18'),
(633, 200, 2, '2024-03-19 03:33:18', '2024-03-19 03:33:18'),
(634, 233, 1, '2024-03-19 03:33:18', '2024-03-19 03:33:18'),
(635, 405, 3, '2024-03-19 03:33:18', '2024-03-19 03:33:18'),
(636, 425, 3, '2024-03-19 03:33:18', '2024-03-19 03:33:18'),
(637, 164, 2, '2024-03-19 03:33:18', '2024-03-19 03:33:18'),
(638, 113, 3, '2024-03-19 03:33:18', '2024-03-19 03:33:18'),
(639, 119, 4, '2024-03-19 03:33:18', '2024-03-19 03:33:18'),
(640, 90, 3, '2024-03-19 03:33:18', '2024-03-19 03:33:18'),
(641, 314, 4, '2024-03-19 03:33:18', '2024-03-19 03:33:18'),
(642, 379, 3, '2024-03-19 03:33:18', '2024-03-19 03:33:18'),
(643, 81, 2, '2024-03-19 03:33:18', '2024-03-19 03:33:18'),
(644, 80, 4, '2024-03-19 03:33:18', '2024-03-19 03:33:18'),
(645, 448, 2, '2024-03-19 03:33:18', '2024-03-19 03:33:18'),
(646, 269, 3, '2024-03-19 03:33:18', '2024-03-19 03:33:18'),
(647, 107, 3, '2024-03-19 03:33:18', '2024-03-19 03:33:18'),
(648, 228, 1, '2024-03-19 03:33:18', '2024-03-19 03:33:18'),
(649, 34, 2, '2024-03-19 03:33:18', '2024-03-19 03:33:18'),
(650, 119, 4, '2024-03-19 03:33:18', '2024-03-19 03:33:18'),
(651, 218, 1, '2024-03-19 03:33:18', '2024-03-19 03:33:18'),
(652, 155, 2, '2024-03-19 03:33:18', '2024-03-19 03:33:18'),
(653, 287, 4, '2024-03-19 03:33:18', '2024-03-19 03:33:18'),
(654, 292, 3, '2024-03-19 03:33:18', '2024-03-19 03:33:18'),
(655, 103, 1, '2024-03-19 03:33:18', '2024-03-19 03:33:18'),
(656, 347, 2, '2024-03-19 03:33:18', '2024-03-19 03:33:18'),
(657, 31, 2, '2024-03-19 03:33:18', '2024-03-19 03:33:18'),
(658, 324, 1, '2024-03-19 03:33:18', '2024-03-19 03:33:18'),
(659, 229, 3, '2024-03-19 03:33:18', '2024-03-19 03:33:18'),
(660, 262, 4, '2024-03-19 03:33:18', '2024-03-19 03:33:18'),
(661, 17, 1, '2024-03-19 03:33:18', '2024-03-19 03:33:18'),
(662, 22, 3, '2024-03-19 03:33:18', '2024-03-19 03:33:18'),
(663, 82, 3, '2024-03-19 03:33:18', '2024-03-19 03:33:18'),
(664, 375, 2, '2024-03-19 03:33:18', '2024-03-19 03:33:18'),
(665, 162, 2, '2024-03-19 03:33:18', '2024-03-19 03:33:18'),
(666, 101, 3, '2024-03-19 03:33:18', '2024-03-19 03:33:18'),
(667, 440, 3, '2024-03-19 03:33:18', '2024-03-19 03:33:18'),
(668, 293, 3, '2024-03-19 03:33:18', '2024-03-19 03:33:18'),
(669, 109, 4, '2024-03-19 03:33:18', '2024-03-19 03:33:18'),
(670, 371, 2, '2024-03-19 03:33:18', '2024-03-19 03:33:18'),
(671, 104, 4, '2024-03-19 03:33:18', '2024-03-19 03:33:18'),
(672, 274, 1, '2024-03-19 03:33:18', '2024-03-19 03:33:18'),
(673, 187, 2, '2024-03-19 03:33:18', '2024-03-19 03:33:18'),
(674, 20, 1, '2024-03-19 03:33:18', '2024-03-19 03:33:18'),
(675, 149, 2, '2024-03-19 03:33:18', '2024-03-19 03:33:18'),
(676, 158, 2, '2024-03-19 03:33:18', '2024-03-19 03:33:18'),
(677, 117, 4, '2024-03-19 03:33:18', '2024-03-19 03:33:18'),
(678, 198, 4, '2024-03-19 03:33:18', '2024-03-19 03:33:18'),
(679, 317, 1, '2024-03-19 03:33:18', '2024-03-19 03:33:18'),
(680, 85, 4, '2024-03-19 03:33:18', '2024-03-19 03:33:18'),
(681, 178, 3, '2024-03-19 03:33:18', '2024-03-19 03:33:18'),
(682, 19, 1, '2024-03-19 03:33:18', '2024-03-19 03:33:18'),
(683, 417, 1, '2024-03-19 03:33:18', '2024-03-19 03:33:18'),
(684, 235, 3, '2024-03-19 03:33:18', '2024-03-19 03:33:18'),
(685, 259, 4, '2024-03-19 03:33:18', '2024-03-19 03:33:18'),
(686, 8, 1, '2024-03-19 03:33:18', '2024-03-19 03:33:18'),
(687, 218, 3, '2024-03-19 03:33:18', '2024-03-19 03:33:18'),
(688, 198, 2, '2024-03-19 03:33:18', '2024-03-19 03:33:18'),
(689, 137, 3, '2024-03-19 03:33:18', '2024-03-19 03:33:18'),
(690, 439, 2, '2024-03-19 03:33:18', '2024-03-19 03:33:18'),
(691, 196, 1, '2024-03-19 03:33:18', '2024-03-19 03:33:18'),
(692, 3, 4, '2024-03-19 03:33:18', '2024-03-19 03:33:18'),
(693, 138, 4, '2024-03-19 03:33:18', '2024-03-19 03:33:18'),
(694, 103, 1, '2024-03-19 03:33:18', '2024-03-19 03:33:18'),
(695, 356, 1, '2024-03-19 03:33:18', '2024-03-19 03:33:18'),
(696, 306, 2, '2024-03-19 03:33:18', '2024-03-19 03:33:18'),
(697, 122, 4, '2024-03-19 03:33:18', '2024-03-19 03:33:18'),
(698, 167, 4, '2024-03-19 03:33:18', '2024-03-19 03:33:18'),
(699, 67, 1, '2024-03-19 03:33:18', '2024-03-19 03:33:18'),
(700, 146, 4, '2024-03-19 03:33:18', '2024-03-19 03:33:18');

-- --------------------------------------------------------

--
-- Table structure for table `gender`
--

CREATE TABLE `gender` (
  `id` int NOT NULL,
  `type` varchar(10) COLLATE utf8mb4_unicode_ci NOT NULL
) ENGINE=InnoDB DEFAULT CHARSET=utf8mb4 COLLATE=utf8mb4_unicode_ci;

--
-- Dumping data for table `gender`
--

INSERT INTO `gender` (`id`, `type`) VALUES
(1, 'male'),
(2, 'female'),
(3, 'gay'),
(4, 'tom');

-- --------------------------------------------------------

--
-- Table structure for table `modules`
--

CREATE TABLE `modules` (
  `id` int NOT NULL,
  `name` varchar(20) COLLATE utf8mb4_unicode_ci NOT NULL,
  `course_id` int NOT NULL
) ENGINE=InnoDB DEFAULT CHARSET=utf8mb4 COLLATE=utf8mb4_unicode_ci;

--
-- Dumping data for table `modules`
--

INSERT INTO `modules` (`id`, `name`, `course_id`) VALUES
(1, 'HTML', 1),
(2, 'CSS', 1),
(3, 'JS Basic', 1),
(4, 'Figma', 2),
(5, 'UI/UX Intro', 2),
(6, 'React', 3),
(9, 'PHP', 4),
(10, 'Visual Design Rules', 5),
(11, 'OOP', 4),
(12, 'RTK', 3);

-- --------------------------------------------------------

--
-- Table structure for table `nationality`
--

CREATE TABLE `nationality` (
  `id` int NOT NULL,
  `nation` varchar(20) COLLATE utf8mb4_unicode_ci NOT NULL,
  `nation_code` varchar(5) COLLATE utf8mb4_unicode_ci NOT NULL
) ENGINE=InnoDB DEFAULT CHARSET=utf8mb4 COLLATE=utf8mb4_unicode_ci;

--
-- Dumping data for table `nationality`
--

INSERT INTO `nationality` (`id`, `nation`, `nation_code`) VALUES
(1, 'Myanmar', 'mm'),
(2, 'Japan', 'jp'),
(3, 'China', 'cn'),
(4, 'Korea', 'kr'),
(5, 'thailand', 'th'),
(6, 'singapore', 'sg');

-- --------------------------------------------------------

--
-- Table structure for table `students`
--

CREATE TABLE `students` (
  `id` bigint UNSIGNED NOT NULL,
  `name` varchar(255) CHARACTER SET utf8mb4 COLLATE utf8mb4_unicode_ci NOT NULL,
  `date_of_birth` date NOT NULL,
  `nationality_id` int NOT NULL,
  `gender_id` int NOT NULL,
  `pocket_money` int NOT NULL,
  `created_at` timestamp NULL DEFAULT NULL,
  `updated_at` timestamp NULL DEFAULT NULL
) ENGINE=InnoDB DEFAULT CHARSET=utf8mb4 COLLATE=utf8mb4_unicode_ci;

--
-- Dumping data for table `students`
--

INSERT INTO `students` (`id`, `name`, `date_of_birth`, `nationality_id`, `gender_id`, `pocket_money`, `created_at`, `updated_at`) VALUES
(1, 'Willard Leuschke', '2005-09-03', 1, 1, 885, '2024-03-19 03:33:17', '2024-03-19 03:33:17'),
(2, 'Bartholome Langosh', '2010-03-04', 4, 2, 151, '2024-03-19 03:33:17', '2024-03-19 03:33:17'),
(4, 'Ottis Predovic', '2008-07-05', 2, 4, 855, '2024-03-19 03:33:17', '2024-03-19 03:33:17'),
(6, 'Gaston Borer', '2004-05-31', 2, 1, 485, '2024-03-19 03:33:17', '2024-03-19 03:33:17'),
(7, 'Terrill Cronin IV', '2011-09-26', 4, 3, 728, '2024-03-19 03:33:17', '2024-03-19 03:33:17'),
(9, 'Ryleigh Schiller', '2013-10-22', 6, 2, 371, '2024-03-19 03:33:17', '2024-03-19 03:33:17'),
(10, 'Gerardo Kertzmann', '2007-12-22', 2, 4, 265, '2024-03-19 03:33:17', '2024-03-19 03:33:17'),
(11, 'Erwin O\'Keefe IV', '2008-11-19', 2, 1, 646, '2024-03-19 03:33:17', '2024-03-19 03:33:17'),
(13, 'Dr. Alfredo Boehm', '2008-04-19', 4, 2, 418, '2024-03-19 03:33:17', '2024-03-19 03:33:17'),
(15, 'Pearl Langworth', '2010-11-21', 3, 2, 501, '2024-03-19 03:33:17', '2024-03-19 03:33:17'),
(16, 'Gerry Nicolas IV', '2008-06-08', 2, 4, 868, '2024-03-19 03:33:17', '2024-03-19 03:33:17'),
(18, 'Mrs. Carlee Bergstrom', '2006-12-21', 1, 1, 307, '2024-03-19 03:33:17', '2024-03-19 03:33:17'),
(19, 'Kane Crona I', '2010-04-21', 5, 2, 998, '2024-03-19 03:33:17', '2024-03-19 03:33:17'),
(21, 'Gerard Fritsch', '2006-03-11', 2, 2, 851, '2024-03-19 03:33:17', '2024-03-19 03:33:17'),
(22, 'Hosea Schamberger', '2009-02-25', 2, 4, 715, '2024-03-19 03:33:17', '2024-03-19 03:33:17'),
(23, 'Dr. Friedrich Christiansen Sr.', '2007-06-12', 5, 3, 759, '2024-03-19 03:33:17', '2024-03-19 03:33:17'),
(24, 'Kirstin Dickens', '2013-03-23', 3, 1, 720, '2024-03-19 03:33:17', '2024-03-19 03:33:17'),
(25, 'Savanna Konopelski', '2010-12-26', 1, 4, 375, '2024-03-19 03:33:17', '2024-03-19 03:33:17'),
(26, 'Jacky Donnelly', '2007-11-07', 2, 3, 252, '2024-03-19 03:33:17', '2024-03-19 03:33:17'),
(27, 'Maya Pouros', '2005-07-12', 2, 1, 654, '2024-03-19 03:33:17', '2024-03-19 03:33:17'),
(28, 'Earlene Wintheiser', '2013-04-04', 2, 2, 134, '2024-03-19 03:33:17', '2024-03-19 03:33:17'),
(29, 'Keely Hansen', '2012-05-26', 2, 3, 786, '2024-03-19 03:33:17', '2024-03-19 03:33:17'),
(30, 'Ms. Abbie Leannon', '2008-10-03', 6, 3, 690, '2024-03-19 03:33:17', '2024-03-19 03:33:17'),
(31, 'Prof. Brook Mills III', '2011-03-31', 6, 3, 793, '2024-03-19 03:33:17', '2024-03-19 03:33:17'),
(32, 'Dr. Effie Stoltenberg II', '2010-03-19', 6, 3, 670, '2024-03-19 03:33:17', '2024-03-19 03:33:17'),
(34, 'Prof. Amari Stanton', '2012-04-09', 5, 3, 253, '2024-03-19 03:33:17', '2024-03-19 03:33:17'),
(36, 'Ewell Ortiz II', '2009-03-17', 1, 2, 448, '2024-03-19 03:33:17', '2024-03-19 03:33:17'),
(39, 'Ada Rohan', '2007-08-03', 5, 3, 543, '2024-03-19 03:33:17', '2024-03-19 03:33:17'),
(40, 'Niko Sauer', '2005-02-05', 1, 4, 144, '2024-03-19 03:33:17', '2024-03-19 03:33:17'),
(41, 'Mr. Ferne McCullough V', '2012-08-15', 5, 1, 874, '2024-03-19 03:33:17', '2024-03-19 03:33:17'),
(43, 'Merle Pfannerstill DVM', '2011-03-06', 3, 2, 324, '2024-03-19 03:33:17', '2024-03-19 03:33:17'),
(44, 'Prof. Mariela Adams IV', '2007-11-22', 1, 1, 398, '2024-03-19 03:33:17', '2024-03-19 03:33:17'),
(45, 'Prof. Neha Moen Jr.', '2006-07-22', 6, 2, 517, '2024-03-19 03:33:17', '2024-03-19 03:33:17'),
(46, 'Cathryn Kassulke', '2012-04-26', 3, 2, 420, '2024-03-19 03:33:17', '2024-03-19 03:33:17'),
(47, 'Mrs. Era Blanda', '2011-04-19', 5, 1, 781, '2024-03-19 03:33:17', '2024-03-19 03:33:17'),
(48, 'Mr. Cornell Kemmer', '2009-05-02', 6, 3, 734, '2024-03-19 03:33:17', '2024-03-19 03:33:17'),
(49, 'Jayden Adams', '2005-05-23', 3, 2, 720, '2024-03-19 03:33:17', '2024-03-19 03:33:17'),
(53, 'Cayla Predovic', '2005-06-01', 4, 3, 164, '2024-03-19 03:33:17', '2024-03-19 03:33:17'),
(54, 'Augustine Haley', '2010-06-05', 3, 1, 856, '2024-03-19 03:33:17', '2024-03-19 03:33:17'),
(55, 'Jakob McLaughlin', '2011-06-07', 4, 1, 810, '2024-03-19 03:33:17', '2024-03-19 03:33:17'),
(57, 'Sallie Bechtelar DVM', '2010-12-09', 4, 1, 745, '2024-03-19 03:33:17', '2024-03-19 03:33:17'),
(58, 'Ms. Rachelle Metz', '2013-01-03', 2, 2, 264, '2024-03-19 03:33:17', '2024-03-19 03:33:17'),
(59, 'Tony Okuneva', '2012-01-21', 4, 4, 226, '2024-03-19 03:33:17', '2024-03-19 03:33:17'),
(60, 'Tony Hermiston', '2014-02-15', 1, 2, 877, '2024-03-19 03:33:17', '2024-03-19 03:33:17'),
(61, 'Cesar Kirlin', '2008-01-10', 4, 3, 202, '2024-03-19 03:33:17', '2024-03-19 03:33:17'),
(63, 'Prof. Enrico Cole IV', '2009-07-24', 4, 2, 689, '2024-03-19 03:33:17', '2024-03-19 03:33:17'),
(64, 'Erika Crona', '2004-09-06', 1, 1, 902, '2024-03-19 03:33:17', '2024-03-19 03:33:17'),
(65, 'Rosalia Beatty', '2004-10-27', 5, 2, 399, '2024-03-19 03:33:17', '2024-03-19 03:33:17'),
(66, 'Clinton Huels Jr.', '2012-10-01', 5, 4, 483, '2024-03-19 03:33:17', '2024-03-19 03:33:17'),
(67, 'Lance Raynor V', '2006-03-01', 4, 4, 597, '2024-03-19 03:33:17', '2024-03-19 03:33:17'),
(68, 'Miss Agnes Christiansen', '2008-02-22', 3, 2, 443, '2024-03-19 03:33:17', '2024-03-19 03:33:17'),
(69, 'Elaina Grant', '2005-09-04', 1, 2, 155, '2024-03-19 03:33:17', '2024-03-19 03:33:17'),
(70, 'Prof. Tommie Wolf V', '2012-11-17', 4, 1, 988, '2024-03-19 03:33:17', '2024-03-19 03:33:17'),
(72, 'Camille Hansen', '2013-03-09', 5, 2, 349, '2024-03-19 03:33:17', '2024-03-19 03:33:17'),
(73, 'Anabelle Walsh II', '2008-01-25', 5, 1, 173, '2024-03-19 03:33:17', '2024-03-19 03:33:17'),
(74, 'Maryjane Larkin', '2011-07-25', 3, 2, 645, '2024-03-19 03:33:17', '2024-03-19 03:33:17'),
(75, 'Estelle Glover', '2004-06-07', 2, 1, 840, '2024-03-19 03:33:17', '2024-03-19 03:33:17'),
(76, 'Jennifer Wehner', '2005-04-17', 5, 1, 546, '2024-03-19 03:33:17', '2024-03-19 03:33:17'),
(77, 'Miss Kailee Langworth', '2014-03-13', 2, 1, 619, '2024-03-19 03:33:17', '2024-03-19 03:33:17'),
(78, 'Velma Prosacco DVM', '2004-07-16', 4, 2, 434, '2024-03-19 03:33:17', '2024-03-19 03:33:17'),
(79, 'Lina Harber', '2013-11-08', 3, 1, 938, '2024-03-19 03:33:17', '2024-03-19 03:33:17'),
(80, 'Vada Auer', '2009-05-02', 2, 2, 656, '2024-03-19 03:33:17', '2024-03-19 03:33:17'),
(81, 'Margie Pfeffer Jr.', '2007-09-25', 1, 4, 483, '2024-03-19 03:33:17', '2024-03-19 03:33:17'),
(82, 'Prof. Damaris Bartoletti Jr.', '2010-05-29', 5, 2, 995, '2024-03-19 03:33:17', '2024-03-19 03:33:17'),
(83, 'Dorothea Heller', '2013-01-09', 2, 1, 109, '2024-03-19 03:33:17', '2024-03-19 03:33:17'),
(84, 'Giovanni Kohler', '2012-07-05', 1, 3, 480, '2024-03-19 03:33:17', '2024-03-19 03:33:17'),
(85, 'Ms. Margaretta Mraz Jr.', '2012-08-17', 3, 1, 589, '2024-03-19 03:33:17', '2024-03-19 03:33:17'),
(86, 'Prof. Walter Corkery PhD', '2010-08-02', 2, 1, 838, '2024-03-19 03:33:17', '2024-03-19 03:33:17'),
(89, 'Imelda Brown', '2006-07-14', 1, 2, 941, '2024-03-19 03:33:17', '2024-03-19 03:33:17'),
(90, 'Cierra Reynolds', '2007-08-14', 5, 1, 157, '2024-03-19 03:33:17', '2024-03-19 03:33:17'),
(91, 'Alda Thiel MD', '2009-01-08', 4, 2, 973, '2024-03-19 03:33:17', '2024-03-19 03:33:17'),
(92, 'Elian Block', '2007-09-10', 4, 4, 845, '2024-03-19 03:33:17', '2024-03-19 03:33:17'),
(93, 'Ismael Runte', '2013-05-11', 2, 2, 748, '2024-03-19 03:33:17', '2024-03-19 03:33:17'),
(94, 'Leonardo Kuphal', '2013-09-30', 2, 4, 306, '2024-03-19 03:33:17', '2024-03-19 03:33:17'),
(96, 'Adela Gerhold', '2007-12-14', 3, 1, 473, '2024-03-19 03:33:17', '2024-03-19 03:33:17'),
(97, 'Mr. Ike Sanford Jr.', '2004-09-29', 2, 1, 790, '2024-03-19 03:33:17', '2024-03-19 03:33:17'),
(98, 'Ms. Madisyn Bednar', '2013-04-03', 1, 1, 687, '2024-03-19 03:33:17', '2024-03-19 03:33:17'),
(99, 'Nettie Renner', '2006-06-13', 1, 2, 357, '2024-03-19 03:33:17', '2024-03-19 03:33:17'),
(100, 'Prof. Eldora Gleichner', '2005-02-25', 5, 4, 605, '2024-03-19 03:33:17', '2024-03-19 03:33:17'),
(101, 'Alberto Hegmann', '2010-03-17', 2, 2, 664, '2024-03-19 03:33:17', '2024-03-19 03:33:17'),
(102, 'Amber Kohler', '2012-01-31', 4, 3, 235, '2024-03-19 03:33:17', '2024-03-19 03:33:17'),
(103, 'Keon Ruecker', '2009-05-20', 6, 4, 727, '2024-03-19 03:33:17', '2024-03-19 03:33:17'),
(104, 'Mrs. Claire Olson', '2012-01-10', 6, 1, 472, '2024-03-19 03:33:17', '2024-03-19 03:33:17'),
(105, 'Prof. Bart Adams', '2007-12-01', 3, 2, 648, '2024-03-19 03:33:17', '2024-03-19 03:33:17'),
(106, 'Ewell Dach III', '2007-11-07', 6, 3, 646, '2024-03-19 03:33:17', '2024-03-19 03:33:17'),
(107, 'Abe Kiehn', '2007-11-17', 5, 4, 645, '2024-03-19 03:33:17', '2024-03-19 03:33:17'),
(108, 'Lorenza Kozey', '2004-08-19', 4, 4, 538, '2024-03-19 03:33:17', '2024-03-19 03:33:17'),
(110, 'Mauricio Mraz IV', '2005-10-23', 2, 4, 403, '2024-03-19 03:33:17', '2024-03-19 03:33:17'),
(111, 'Dr. Loy Roberts', '2012-07-20', 3, 3, 210, '2024-03-19 03:33:17', '2024-03-19 03:33:17'),
(112, 'Coralie Rohan', '2007-01-09', 4, 4, 493, '2024-03-19 03:33:17', '2024-03-19 03:33:17'),
(114, 'Misty Greenholt', '2004-11-15', 2, 3, 849, '2024-03-19 03:33:17', '2024-03-19 03:33:17'),
(116, 'Corine Mertz', '2005-01-28', 6, 4, 291, '2024-03-19 03:33:17', '2024-03-19 03:33:17'),
(117, 'Bill Halvorson', '2011-08-09', 3, 3, 169, '2024-03-19 03:33:17', '2024-03-19 03:33:17'),
(118, 'Brianne Sauer', '2010-01-22', 3, 2, 819, '2024-03-19 03:33:17', '2024-03-19 03:33:17'),
(119, 'Janis Lowe', '2005-02-22', 5, 4, 305, '2024-03-19 03:33:17', '2024-03-19 03:33:17'),
(120, 'Prof. Rachael Doyle', '2013-04-03', 6, 4, 838, '2024-03-19 03:33:17', '2024-03-19 03:33:17'),
(121, 'Flo Streich', '2005-08-01', 5, 2, 795, '2024-03-19 03:33:17', '2024-03-19 03:33:17'),
(122, 'Earnest Treutel', '2009-03-10', 4, 3, 631, '2024-03-19 03:33:17', '2024-03-19 03:33:17'),
(123, 'Alexanne Schoen', '2011-10-15', 4, 4, 997, '2024-03-19 03:33:17', '2024-03-19 03:33:17'),
(124, 'Marquis Mraz', '2011-03-05', 6, 1, 293, '2024-03-19 03:33:17', '2024-03-19 03:33:17'),
(125, 'Mr. Brook Gulgowski', '2006-01-27', 5, 3, 114, '2024-03-19 03:33:17', '2024-03-19 03:33:17'),
(126, 'Delilah Kiehn', '2005-10-11', 6, 3, 734, '2024-03-19 03:33:17', '2024-03-19 03:33:17'),
(127, 'Hailey Witting Sr.', '2010-03-22', 3, 4, 513, '2024-03-19 03:33:17', '2024-03-19 03:33:17'),
(128, 'Allie Wunsch', '2005-10-29', 3, 3, 533, '2024-03-19 03:33:17', '2024-03-19 03:33:17'),
(129, 'Prof. Hester Padberg DDS', '2006-05-16', 5, 2, 283, '2024-03-19 03:33:17', '2024-03-19 03:33:17'),
(130, 'Prof. Lucie Turcotte III', '2012-06-25', 5, 1, 134, '2024-03-19 03:33:17', '2024-03-19 03:33:17'),
(132, 'Mrs. Madeline Jacobi', '2013-04-17', 2, 2, 365, '2024-03-19 03:33:17', '2024-03-19 03:33:17'),
(133, 'Dee Lemke', '2006-06-07', 6, 4, 277, '2024-03-19 03:33:17', '2024-03-19 03:33:17'),
(135, 'Newell Greenholt I', '2008-03-23', 2, 4, 367, '2024-03-19 03:33:17', '2024-03-19 03:33:17'),
(136, 'Elissa Larson', '2004-04-18', 1, 3, 861, '2024-03-19 03:33:17', '2024-03-19 03:33:17'),
(139, 'Amari Ankunding', '2006-05-13', 4, 1, 583, '2024-03-19 03:33:17', '2024-03-19 03:33:17'),
(140, 'Lexie Hintz', '2004-10-04', 4, 1, 790, '2024-03-19 03:33:17', '2024-03-19 03:33:17'),
(141, 'Niko Daugherty MD', '2004-12-04', 4, 4, 359, '2024-03-19 03:33:17', '2024-03-19 03:33:17'),
(142, 'Miss Casandra Huels II', '2010-01-19', 5, 4, 723, '2024-03-19 03:33:17', '2024-03-19 03:33:17'),
(143, 'Lottie Ebert', '2014-01-16', 3, 3, 113, '2024-03-19 03:33:17', '2024-03-19 03:33:17'),
(144, 'Kian Metz', '2005-10-15', 4, 1, 867, '2024-03-19 03:33:17', '2024-03-19 03:33:17'),
(145, 'Madisyn Nienow', '2005-08-09', 6, 2, 317, '2024-03-19 03:33:17', '2024-03-19 03:33:17'),
(146, 'Ozella Lind', '2012-04-24', 3, 1, 381, '2024-03-19 03:33:17', '2024-03-19 03:33:17'),
(147, 'Zackery Carroll', '2006-04-22', 2, 2, 728, '2024-03-19 03:33:17', '2024-03-19 03:33:17'),
(148, 'Lindsey Jones', '2004-09-02', 6, 4, 596, '2024-03-19 03:33:17', '2024-03-19 03:33:17'),
(149, 'Carter Orn', '2013-11-24', 3, 2, 553, '2024-03-19 03:33:17', '2024-03-19 03:33:17'),
(150, 'Berta Haley', '2013-05-21', 5, 4, 864, '2024-03-19 03:33:17', '2024-03-19 03:33:17'),
(152, 'Oleta Stehr', '2006-09-06', 6, 4, 270, '2024-03-19 03:33:17', '2024-03-19 03:33:17'),
(153, 'Ewald Hessel', '2008-09-08', 2, 2, 898, '2024-03-19 03:33:17', '2024-03-19 03:33:17'),
(155, 'Alfredo Connelly', '2007-12-02', 4, 2, 472, '2024-03-19 03:33:17', '2024-03-19 03:33:17'),
(156, 'Daniella Heidenreich', '2009-04-26', 1, 2, 744, '2024-03-19 03:33:17', '2024-03-19 03:33:17'),
(157, 'Jesus Wilderman', '2010-11-27', 5, 3, 716, '2024-03-19 03:33:17', '2024-03-19 03:33:17'),
(158, 'Angie Macejkovic', '2012-06-29', 3, 1, 147, '2024-03-19 03:33:17', '2024-03-19 03:33:17'),
(159, 'Darien Spinka', '2007-04-21', 6, 4, 112, '2024-03-19 03:33:17', '2024-03-19 03:33:17'),
(160, 'Sylvia Gislason', '2011-01-24', 2, 4, 248, '2024-03-19 03:33:17', '2024-03-19 03:33:17'),
(162, 'Winfield Bergstrom', '2007-02-12', 5, 3, 315, '2024-03-19 03:33:17', '2024-03-19 03:33:17'),
(163, 'Ivy Gislason II', '2012-03-29', 4, 2, 355, '2024-03-19 03:33:17', '2024-03-19 03:33:17'),
(164, 'Chadrick Bahringer', '2008-09-30', 4, 1, 917, '2024-03-19 03:33:17', '2024-03-19 03:33:17'),
(165, 'Dr. Brennon Armstrong', '2012-08-28', 4, 4, 703, '2024-03-19 03:33:17', '2024-03-19 03:33:17'),
(166, 'Agustin Rice', '2006-03-16', 1, 4, 297, '2024-03-19 03:33:17', '2024-03-19 03:33:17'),
(167, 'Mr. Cade Hilpert', '2010-10-12', 4, 1, 247, '2024-03-19 03:33:17', '2024-03-19 03:33:17'),
(169, 'Gilbert Zemlak', '2004-11-11', 3, 4, 163, '2024-03-19 03:33:17', '2024-03-19 03:33:17'),
(170, 'Abigayle Heller', '2008-04-10', 3, 2, 543, '2024-03-19 03:33:17', '2024-03-19 03:33:17'),
(171, 'Jerad Anderson', '2006-12-06', 5, 3, 252, '2024-03-19 03:33:17', '2024-03-19 03:33:17'),
(172, 'Bradly Kilback Jr.', '2011-08-25', 6, 3, 773, '2024-03-19 03:33:17', '2024-03-19 03:33:17'),
(173, 'Shanon Gorczany DDS', '2011-12-10', 6, 3, 816, '2024-03-19 03:33:17', '2024-03-19 03:33:17'),
(174, 'Malachi Rath', '2011-09-14', 5, 3, 955, '2024-03-19 03:33:17', '2024-03-19 03:33:17'),
(175, 'Prof. Herbert Barton', '2004-07-09', 2, 3, 446, '2024-03-19 03:33:17', '2024-03-19 03:33:17'),
(177, 'Camren Rodriguez', '2012-03-24', 5, 2, 239, '2024-03-19 03:33:17', '2024-03-19 03:33:17'),
(179, 'Miss Isabelle O\'Hara Jr.', '2014-02-10', 6, 2, 942, '2024-03-19 03:33:17', '2024-03-19 03:33:17'),
(180, 'Dr. Ahmad Okuneva IV', '2004-06-29', 5, 2, 399, '2024-03-19 03:33:17', '2024-03-19 03:33:17'),
(181, 'Prof. Sidney Beier', '2010-08-22', 6, 1, 484, '2024-03-19 03:33:17', '2024-03-19 03:33:17'),
(182, 'Kristin Ferry DDS', '2011-01-11', 2, 3, 232, '2024-03-19 03:33:17', '2024-03-19 03:33:17'),
(184, 'Nasir Oberbrunner DVM', '2007-12-14', 4, 2, 766, '2024-03-19 03:33:17', '2024-03-19 03:33:17'),
(185, 'Isabella Berge', '2011-01-26', 1, 2, 956, '2024-03-19 03:33:17', '2024-03-19 03:33:17'),
(186, 'Briana Cormier DDS', '2006-12-12', 3, 1, 386, '2024-03-19 03:33:17', '2024-03-19 03:33:17'),
(187, 'Prof. Trenton McDermott', '2011-08-16', 6, 2, 750, '2024-03-19 03:33:17', '2024-03-19 03:33:17'),
(188, 'Sylvester McClure PhD', '2005-09-02', 4, 3, 158, '2024-03-19 03:33:17', '2024-03-19 03:33:17'),
(189, 'Korbin Medhurst', '2007-08-03', 5, 3, 441, '2024-03-19 03:33:17', '2024-03-19 03:33:17'),
(190, 'Barton Volkman', '2007-06-22', 1, 2, 106, '2024-03-19 03:33:17', '2024-03-19 03:33:17'),
(191, 'Jazlyn Leffler III', '2012-10-09', 1, 1, 871, '2024-03-19 03:33:17', '2024-03-19 03:33:17'),
(192, 'Lawson Adams Jr.', '2011-11-16', 1, 1, 913, '2024-03-19 03:33:17', '2024-03-19 03:33:17'),
(193, 'Dr. Candida Heaney', '2005-04-19', 3, 2, 357, '2024-03-19 03:33:17', '2024-03-19 03:33:17'),
(194, 'Sterling Moore DVM', '2012-11-20', 3, 1, 430, '2024-03-19 03:33:17', '2024-03-19 03:33:17'),
(195, 'Justus Hamill Sr.', '2008-03-10', 1, 2, 447, '2024-03-19 03:33:17', '2024-03-19 03:33:17'),
(196, 'Cecelia Beahan', '2006-07-30', 1, 3, 317, '2024-03-19 03:33:17', '2024-03-19 03:33:17'),
(197, 'Kaycee Brekke', '2008-02-11', 2, 3, 602, '2024-03-19 03:33:17', '2024-03-19 03:33:17'),
(200, 'Lillian Beatty', '2004-04-27', 1, 3, 136, '2024-03-19 03:33:17', '2024-03-19 03:33:17'),
(201, 'Zakary Franecki', '2006-04-26', 5, 1, 470, '2024-03-19 03:33:17', '2024-03-19 03:33:17'),
(203, 'Sallie Johns', '2013-09-04', 2, 3, 769, '2024-03-19 03:33:17', '2024-03-19 03:33:17'),
(205, 'Ms. Mattie Conroy', '2007-07-22', 1, 1, 670, '2024-03-19 03:33:17', '2024-03-19 03:33:17'),
(206, 'Christelle Jast', '2010-01-29', 3, 4, 250, '2024-03-19 03:33:17', '2024-03-19 03:33:17'),
(207, 'Dr. Shania Kreiger', '2011-01-04', 6, 3, 150, '2024-03-19 03:33:17', '2024-03-19 03:33:17'),
(208, 'Hipolito Buckridge IV', '2008-08-31', 5, 4, 478, '2024-03-19 03:33:17', '2024-03-19 03:33:17'),
(209, 'Delphine Auer', '2012-08-28', 5, 2, 782, '2024-03-19 03:33:17', '2024-03-19 03:33:17'),
(210, 'Mrs. Jennyfer Frami PhD', '2013-05-11', 2, 4, 851, '2024-03-19 03:33:17', '2024-03-19 03:33:17'),
(211, 'Jacques Mosciski', '2009-07-29', 2, 3, 282, '2024-03-19 03:33:17', '2024-03-19 03:33:17'),
(212, 'Leslie Jacobs MD', '2006-05-23', 5, 4, 885, '2024-03-19 03:33:17', '2024-03-19 03:33:17'),
(213, 'Melyna Rosenbaum', '2007-03-24', 4, 2, 808, '2024-03-19 03:33:17', '2024-03-19 03:33:17'),
(214, 'Ms. Daniella Barrows', '2010-04-23', 5, 4, 766, '2024-03-19 03:33:17', '2024-03-19 03:33:17'),
(215, 'Sunny Kuhic', '2011-06-28', 2, 4, 600, '2024-03-19 03:33:17', '2024-03-19 03:33:17'),
(216, 'Makenna Bechtelar', '2005-06-26', 6, 2, 345, '2024-03-19 03:33:17', '2024-03-19 03:33:17'),
(217, 'Duncan Abbott', '2007-07-26', 3, 4, 536, '2024-03-19 03:33:17', '2024-03-19 03:33:17'),
(218, 'Wayne Collins', '2012-08-07', 6, 3, 878, '2024-03-19 03:33:17', '2024-03-19 03:33:17'),
(220, 'Leon Kertzmann', '2006-05-09', 6, 3, 167, '2024-03-19 03:33:17', '2024-03-19 03:33:17'),
(221, 'Mrs. Germaine Smith II', '2006-09-27', 1, 3, 508, '2024-03-19 03:33:17', '2024-03-19 03:33:17'),
(222, 'Bell Purdy', '2005-05-31', 6, 2, 288, '2024-03-19 03:33:17', '2024-03-19 03:33:17'),
(223, 'Asa Gibson', '2007-11-20', 1, 3, 811, '2024-03-19 03:33:17', '2024-03-19 03:33:17'),
(224, 'Eleonore Davis', '2012-06-28', 2, 1, 147, '2024-03-19 03:33:17', '2024-03-19 03:33:17'),
(225, 'Aleen Abbott', '2004-08-29', 4, 1, 908, '2024-03-19 03:33:17', '2024-03-19 03:33:17'),
(226, 'Jorge Gulgowski PhD', '2011-05-24', 2, 1, 315, '2024-03-19 03:33:17', '2024-03-19 03:33:17'),
(227, 'Madison Glover', '2004-06-24', 1, 3, 891, '2024-03-19 03:33:17', '2024-03-19 03:33:17'),
(228, 'Miss Jailyn Bernhard', '2006-07-31', 1, 2, 586, '2024-03-19 03:33:17', '2024-03-19 03:33:17'),
(229, 'Carlos Schinner', '2006-09-07', 1, 2, 313, '2024-03-19 03:33:17', '2024-03-19 03:33:17'),
(230, 'Miss Imogene Batz IV', '2008-09-20', 5, 3, 701, '2024-03-19 03:33:17', '2024-03-19 03:33:17'),
(231, 'Robyn Feeney', '2008-12-03', 1, 2, 201, '2024-03-19 03:33:17', '2024-03-19 03:33:17'),
(232, 'Monserrate Monahan', '2005-01-23', 4, 3, 517, '2024-03-19 03:33:17', '2024-03-19 03:33:17'),
(233, 'Dr. Keely Koepp II', '2011-09-21', 1, 4, 694, '2024-03-19 03:33:17', '2024-03-19 03:33:17'),
(234, 'Carli Kuhn', '2007-03-14', 4, 2, 463, '2024-03-19 03:33:17', '2024-03-19 03:33:17'),
(235, 'Lupe Gutmann', '2006-09-11', 6, 3, 410, '2024-03-19 03:33:17', '2024-03-19 03:33:17'),
(236, 'Mr. Rudy Gulgowski V', '2006-03-03', 5, 2, 758, '2024-03-19 03:33:17', '2024-03-19 03:33:17'),
(237, 'Eduardo Harvey Sr.', '2012-11-13', 1, 3, 630, '2024-03-19 03:33:17', '2024-03-19 03:33:17'),
(238, 'Watson Crist', '2004-05-26', 2, 4, 105, '2024-03-19 03:33:17', '2024-03-19 03:33:17'),
(239, 'Prof. Christa Schuster', '2006-03-27', 6, 3, 310, '2024-03-19 03:33:17', '2024-03-19 03:33:17'),
(240, 'Mrs. Judy Cole', '2005-10-10', 5, 3, 326, '2024-03-19 03:33:17', '2024-03-19 03:33:17'),
(241, 'Mr. Walker Jenkins Sr.', '2006-06-11', 6, 3, 241, '2024-03-19 03:33:17', '2024-03-19 03:33:17'),
(242, 'Dr. Thurman Moore', '2012-05-22', 1, 2, 801, '2024-03-19 03:33:17', '2024-03-19 03:33:17'),
(243, 'Gilbert Ernser', '2006-01-31', 1, 2, 193, '2024-03-19 03:33:17', '2024-03-19 03:33:17'),
(244, 'Miss Nicole Grady', '2009-03-20', 1, 2, 991, '2024-03-19 03:33:17', '2024-03-19 03:33:17'),
(245, 'Roberto Kuhlman', '2004-11-22', 2, 3, 239, '2024-03-19 03:33:17', '2024-03-19 03:33:17'),
(246, 'Abelardo Dickens', '2010-09-28', 6, 3, 231, '2024-03-19 03:33:17', '2024-03-19 03:33:17'),
(247, 'Noemie Franecki III', '2011-09-04', 1, 3, 480, '2024-03-19 03:33:17', '2024-03-19 03:33:17'),
(248, 'Sophie Walter V', '2006-11-21', 1, 1, 434, '2024-03-19 03:33:17', '2024-03-19 03:33:17'),
(249, 'Cathryn Hermiston', '2012-11-03', 5, 4, 801, '2024-03-19 03:33:17', '2024-03-19 03:33:17'),
(250, 'Mr. Malcolm Watsica', '2011-06-30', 3, 4, 692, '2024-03-19 03:33:17', '2024-03-19 03:33:17'),
(251, 'Prof. Donny Simonis', '2013-11-21', 3, 1, 417, '2024-03-19 03:33:17', '2024-03-19 03:33:17'),
(252, 'Mark Yundt', '2010-03-14', 6, 1, 574, '2024-03-19 03:33:17', '2024-03-19 03:33:17'),
(253, 'Dave Bergstrom', '2010-10-14', 4, 3, 528, '2024-03-19 03:33:17', '2024-03-19 03:33:17'),
(254, 'Edwin D\'Amore', '2008-06-25', 2, 4, 941, '2024-03-19 03:33:17', '2024-03-19 03:33:17'),
(255, 'Miss Marielle Toy Sr.', '2007-04-28', 4, 1, 313, '2024-03-19 03:33:17', '2024-03-19 03:33:17'),
(256, 'Alec Gleason', '2014-03-03', 2, 1, 761, '2024-03-19 03:33:17', '2024-03-19 03:33:17'),
(258, 'Mr. Torrance Collier V', '2009-04-11', 5, 3, 686, '2024-03-19 03:33:17', '2024-03-19 03:33:17'),
(260, 'Andreane Blick', '2011-06-22', 3, 3, 819, '2024-03-19 03:33:17', '2024-03-19 03:33:17'),
(261, 'Mr. Carleton Krajcik Jr.', '2006-10-12', 1, 4, 621, '2024-03-19 03:33:17', '2024-03-19 03:33:17'),
(262, 'Kellie Kulas', '2011-06-24', 3, 3, 223, '2024-03-19 03:33:17', '2024-03-19 03:33:17'),
(263, 'Sammy Hand', '2009-03-06', 5, 3, 903, '2024-03-19 03:33:17', '2024-03-19 03:33:17'),
(264, 'Ms. Cynthia Friesen I', '2013-05-28', 3, 4, 447, '2024-03-19 03:33:17', '2024-03-19 03:33:17'),
(265, 'Miss Lizzie Stracke', '2008-01-22', 4, 2, 751, '2024-03-19 03:33:17', '2024-03-19 03:33:17'),
(266, 'Dejah Wiegand', '2011-07-11', 6, 2, 332, '2024-03-19 03:33:17', '2024-03-19 03:33:17'),
(267, 'Cletus Jacobson', '2008-05-07', 6, 3, 772, '2024-03-19 03:33:17', '2024-03-19 03:33:17'),
(268, 'Dena Halvorson', '2010-09-22', 6, 3, 417, '2024-03-19 03:33:17', '2024-03-19 03:33:17'),
(270, 'Felicity Lehner Sr.', '2006-07-11', 5, 2, 521, '2024-03-19 03:33:17', '2024-03-19 03:33:17'),
(271, 'Dr. Rudolph Gislason IV', '2005-02-17', 2, 2, 733, '2024-03-19 03:33:17', '2024-03-19 03:33:17'),
(272, 'Maeve Harvey', '2009-04-13', 5, 4, 642, '2024-03-19 03:33:17', '2024-03-19 03:33:17'),
(273, 'Mabel Rogahn Jr.', '2009-09-20', 5, 3, 633, '2024-03-19 03:33:17', '2024-03-19 03:33:17'),
(274, 'Sharon Johns Sr.', '2006-05-19', 6, 4, 519, '2024-03-19 03:33:17', '2024-03-19 03:33:17'),
(275, 'Roxane O\'Hara', '2005-10-17', 6, 1, 332, '2024-03-19 03:33:17', '2024-03-19 03:33:17'),
(276, 'Ms. Kaitlyn Watsica MD', '2005-03-01', 2, 3, 676, '2024-03-19 03:33:17', '2024-03-19 03:33:17'),
(277, 'Shad Roob', '2005-07-21', 1, 1, 765, '2024-03-19 03:33:17', '2024-03-19 03:33:17'),
(278, 'Eriberto Feeney', '2006-06-25', 6, 4, 163, '2024-03-19 03:33:17', '2024-03-19 03:33:17'),
(279, 'Ms. Myra DuBuque II', '2007-03-20', 3, 2, 176, '2024-03-19 03:33:17', '2024-03-19 03:33:17'),
(280, 'Darwin Dooley', '2005-11-07', 1, 1, 481, '2024-03-19 03:33:17', '2024-03-19 03:33:17'),
(282, 'Hector DuBuque', '2009-07-29', 1, 1, 541, '2024-03-19 03:33:17', '2024-03-19 03:33:17'),
(283, 'Darion Hamill', '2010-04-23', 1, 3, 939, '2024-03-19 03:33:17', '2024-03-19 03:33:17'),
(284, 'Miss Judy Ryan', '2006-02-17', 1, 3, 211, '2024-03-19 03:33:17', '2024-03-19 03:33:17'),
(285, 'Margaretta Ortiz', '2009-05-19', 5, 3, 609, '2024-03-19 03:33:17', '2024-03-19 03:33:17'),
(286, 'Dr. Cynthia Stanton MD', '2007-12-03', 6, 1, 708, '2024-03-19 03:33:17', '2024-03-19 03:33:17'),
(287, 'Mrs. Otha Hickle', '2013-01-06', 3, 3, 625, '2024-03-19 03:33:17', '2024-03-19 03:33:17'),
(288, 'Gust Rodriguez', '2009-03-03', 1, 3, 266, '2024-03-19 03:33:17', '2024-03-19 03:33:17'),
(290, 'Maximillia Jaskolski', '2009-01-03', 5, 4, 758, '2024-03-19 03:33:17', '2024-03-19 03:33:17'),
(291, 'Prof. Gussie Brown', '2013-10-25', 6, 1, 224, '2024-03-19 03:33:17', '2024-03-19 03:33:17'),
(292, 'Amina Gutmann', '2012-10-25', 3, 3, 209, '2024-03-19 03:33:17', '2024-03-19 03:33:17'),
(296, 'Kelli Schroeder', '2010-03-29', 5, 1, 649, '2024-03-19 03:33:17', '2024-03-19 03:33:17'),
(297, 'Rubye Weber', '2013-08-21', 3, 2, 424, '2024-03-19 03:33:17', '2024-03-19 03:33:17'),
(298, 'Dr. Norbert Wolf Jr.', '2008-02-09', 6, 1, 580, '2024-03-19 03:33:17', '2024-03-19 03:33:17'),
(299, 'Dr. Sylvan Lynch PhD', '2009-05-17', 1, 1, 397, '2024-03-19 03:33:17', '2024-03-19 03:33:17'),
(300, 'Jabari Thompson', '2006-01-16', 6, 3, 451, '2024-03-19 03:33:17', '2024-03-19 03:33:17'),
(301, 'Obie Schinner Jr.', '2009-03-31', 1, 1, 865, '2024-03-19 03:33:17', '2024-03-19 03:33:17'),
(302, 'Dina McGlynn PhD', '2008-02-07', 3, 3, 717, '2024-03-19 03:33:17', '2024-03-19 03:33:17'),
(303, 'Mertie Towne', '2011-09-28', 2, 4, 554, '2024-03-19 03:33:17', '2024-03-19 03:33:17'),
(304, 'Dr. Abner Leuschke', '2005-03-19', 5, 1, 675, '2024-03-19 03:33:17', '2024-03-19 03:33:17'),
(306, 'Matteo Sanford', '2012-04-27', 5, 3, 985, '2024-03-19 03:33:17', '2024-03-19 03:33:17'),
(307, 'Noemie Schroeder MD', '2007-07-04', 6, 1, 713, '2024-03-19 03:33:17', '2024-03-19 03:33:17'),
(308, 'Izabella Schumm', '2006-03-04', 3, 1, 118, '2024-03-19 03:33:17', '2024-03-19 03:33:17'),
(309, 'Mariah Wilderman', '2010-05-10', 3, 1, 356, '2024-03-19 03:33:17', '2024-03-19 03:33:17'),
(311, 'Kaela Boyle', '2009-11-15', 2, 3, 460, '2024-03-19 03:33:17', '2024-03-19 03:33:17'),
(314, 'Bertha Schinner Sr.', '2007-11-20', 4, 1, 177, '2024-03-19 03:33:17', '2024-03-19 03:33:17'),
(315, 'Michael Weber', '2008-10-28', 2, 2, 565, '2024-03-19 03:33:17', '2024-03-19 03:33:17'),
(316, 'Tressie Auer', '2012-04-08', 1, 2, 283, '2024-03-19 03:33:17', '2024-03-19 03:33:17'),
(317, 'Luigi Auer', '2007-04-28', 3, 3, 859, '2024-03-19 03:33:17', '2024-03-19 03:33:17'),
(318, 'Elliot Weimann', '2009-05-30', 3, 4, 441, '2024-03-19 03:33:17', '2024-03-19 03:33:17'),
(319, 'Dr. Julio Schmidt IV', '2011-03-26', 5, 4, 849, '2024-03-19 03:33:17', '2024-03-19 03:33:17'),
(322, 'Aiden Hettinger', '2012-11-18', 1, 2, 374, '2024-03-19 03:33:17', '2024-03-19 03:33:17'),
(323, 'Hal Hegmann Jr.', '2006-07-11', 3, 4, 723, '2024-03-19 03:33:17', '2024-03-19 03:33:17'),
(324, 'Dr. Marjory Wyman PhD', '2012-04-14', 4, 4, 285, '2024-03-19 03:33:17', '2024-03-19 03:33:17'),
(325, 'Berneice Ryan', '2014-02-25', 4, 3, 658, '2024-03-19 03:33:17', '2024-03-19 03:33:17'),
(326, 'Jean Wisozk', '2009-12-13', 4, 2, 629, '2024-03-19 03:33:17', '2024-03-19 03:33:17'),
(327, 'Ned Cummings', '2009-06-03', 1, 1, 466, '2024-03-19 03:33:17', '2024-03-19 03:33:17'),
(328, 'Mercedes Schuppe', '2009-05-06', 3, 2, 438, '2024-03-19 03:33:17', '2024-03-19 03:33:17'),
(329, 'Chelsea Brekke DVM', '2012-09-21', 5, 1, 738, '2024-03-19 03:33:17', '2024-03-19 03:33:17'),
(331, 'Richard Rohan', '2013-02-19', 5, 3, 153, '2024-03-19 03:33:17', '2024-03-19 03:33:17'),
(332, 'Bonnie Brakus', '2009-09-19', 1, 2, 432, '2024-03-19 03:33:17', '2024-03-19 03:33:17'),
(333, 'Retha Walter I', '2007-03-16', 5, 2, 123, '2024-03-19 03:33:17', '2024-03-19 03:33:17'),
(335, 'Ewald Raynor', '2008-10-03', 1, 1, 224, '2024-03-19 03:33:17', '2024-03-19 03:33:17'),
(336, 'Abbey Schuppe', '2004-06-24', 4, 2, 185, '2024-03-19 03:33:17', '2024-03-19 03:33:17'),
(337, 'Nat Stanton', '2010-04-12', 3, 4, 590, '2024-03-19 03:33:17', '2024-03-19 03:33:17'),
(338, 'Novella Kling', '2010-12-16', 3, 2, 565, '2024-03-19 03:33:17', '2024-03-19 03:33:17'),
(339, 'Estelle Grant', '2005-08-14', 4, 4, 972, '2024-03-19 03:33:17', '2024-03-19 03:33:17'),
(341, 'Mr. Antwon Zieme', '2007-06-13', 6, 3, 719, '2024-03-19 03:33:17', '2024-03-19 03:33:17'),
(342, 'Ceasar Lubowitz', '2006-04-25', 5, 4, 127, '2024-03-19 03:33:17', '2024-03-19 03:33:17'),
(344, 'Fern Schinner V', '2008-08-14', 6, 4, 232, '2024-03-19 03:33:17', '2024-03-19 03:33:17'),
(345, 'Erwin Ullrich', '2008-03-22', 3, 2, 769, '2024-03-19 03:33:17', '2024-03-19 03:33:17'),
(346, 'Leanne Lind', '2012-06-02', 2, 4, 275, '2024-03-19 03:33:17', '2024-03-19 03:33:17'),
(347, 'Amparo Nienow', '2011-09-03', 2, 3, 840, '2024-03-19 03:33:17', '2024-03-19 03:33:17'),
(348, 'Ophelia Bosco', '2005-06-16', 4, 1, 971, '2024-03-19 03:33:17', '2024-03-19 03:33:17'),
(349, 'Miss Aryanna Gottlieb III', '2006-12-17', 2, 4, 284, '2024-03-19 03:33:17', '2024-03-19 03:33:17'),
(351, 'Alta Windler', '2012-03-12', 2, 1, 188, '2024-03-19 03:33:17', '2024-03-19 03:33:17'),
(353, 'Dr. Ethel Tromp', '2007-02-15', 4, 2, 264, '2024-03-19 03:33:17', '2024-03-19 03:33:17'),
(354, 'Cyril Effertz', '2006-03-21', 6, 1, 454, '2024-03-19 03:33:17', '2024-03-19 03:33:17'),
(355, 'Mathilde Christiansen', '2005-11-27', 2, 2, 541, '2024-03-19 03:33:17', '2024-03-19 03:33:17'),
(356, 'Imogene Kiehn', '2010-08-11', 4, 2, 880, '2024-03-19 03:33:17', '2024-03-19 03:33:17'),
(357, 'Antonia Hermiston', '2009-03-20', 2, 4, 129, '2024-03-19 03:33:17', '2024-03-19 03:33:17'),
(358, 'Ms. Evalyn Carroll', '2008-09-15', 3, 2, 167, '2024-03-19 03:33:17', '2024-03-19 03:33:17'),
(360, 'Mr. Afton Gottlieb MD', '2006-03-13', 3, 3, 420, '2024-03-19 03:33:17', '2024-03-19 03:33:17'),
(361, 'Kellen Ernser', '2013-01-22', 5, 3, 634, '2024-03-19 03:33:17', '2024-03-19 03:33:17'),
(362, 'Winnifred Runolfsdottir', '2010-02-18', 4, 2, 719, '2024-03-19 03:33:17', '2024-03-19 03:33:17'),
(363, 'Lenny Beatty', '2013-05-20', 4, 3, 369, '2024-03-19 03:33:17', '2024-03-19 03:33:17'),
(364, 'Ernie Zboncak', '2012-11-09', 1, 2, 129, '2024-03-19 03:33:17', '2024-03-19 03:33:17'),
(365, 'Lilly Bahringer', '2012-04-02', 5, 2, 377, '2024-03-19 03:33:17', '2024-03-19 03:33:17'),
(366, 'Maximo Rowe', '2009-07-16', 5, 4, 785, '2024-03-19 03:33:17', '2024-03-19 03:33:17'),
(367, 'Mrs. Mathilde Greenfelder', '2007-02-09', 3, 3, 604, '2024-03-19 03:33:17', '2024-03-19 03:33:17'),
(368, 'Brad Gislason', '2008-03-08', 6, 2, 936, '2024-03-19 03:33:17', '2024-03-19 03:33:17'),
(369, 'Prof. Kara Brekke IV', '2008-07-30', 6, 3, 896, '2024-03-19 03:33:17', '2024-03-19 03:33:17'),
(370, 'Miss Adele Balistreri', '2004-07-13', 6, 2, 996, '2024-03-19 03:33:17', '2024-03-19 03:33:17'),
(371, 'Chelsea Kreiger III', '2005-11-21', 1, 3, 913, '2024-03-19 03:33:17', '2024-03-19 03:33:17'),
(373, 'Brook Rippin', '2010-10-27', 2, 3, 196, '2024-03-19 03:33:17', '2024-03-19 03:33:17'),
(374, 'Nina Legros', '2004-12-31', 4, 2, 473, '2024-03-19 03:33:17', '2024-03-19 03:33:17'),
(375, 'Wyatt Krajcik', '2004-05-12', 6, 1, 629, '2024-03-19 03:33:17', '2024-03-19 03:33:17'),
(377, 'Prof. Gust Beer', '2004-11-03', 4, 3, 153, '2024-03-19 03:33:17', '2024-03-19 03:33:17'),
(378, 'Dr. Arjun Welch', '2009-09-22', 2, 2, 772, '2024-03-19 03:33:17', '2024-03-19 03:33:17'),
(379, 'Emie Macejkovic', '2008-04-04', 3, 2, 651, '2024-03-19 03:33:17', '2024-03-19 03:33:17'),
(380, 'Robb King', '2009-04-08', 5, 1, 515, '2024-03-19 03:33:17', '2024-03-19 03:33:17'),
(384, 'Dr. Delilah Jenkins', '2006-07-03', 2, 3, 341, '2024-03-19 03:33:17', '2024-03-19 03:33:17'),
(385, 'Kyra Steuber', '2006-04-03', 6, 4, 339, '2024-03-19 03:33:17', '2024-03-19 03:33:17'),
(386, 'Estrella Langworth', '2006-01-16', 2, 1, 925, '2024-03-19 03:33:17', '2024-03-19 03:33:17'),
(387, 'Ila Nader MD', '2005-09-10', 2, 3, 113, '2024-03-19 03:33:17', '2024-03-19 03:33:17'),
(388, 'Miss Maymie Ratke MD', '2010-06-21', 2, 4, 876, '2024-03-19 03:33:17', '2024-03-19 03:33:17'),
(389, 'Jermey Swift', '2006-11-27', 6, 1, 234, '2024-03-19 03:33:17', '2024-03-19 03:33:17'),
(391, 'Lauryn Prosacco', '2010-01-22', 6, 1, 422, '2024-03-19 03:33:17', '2024-03-19 03:33:17'),
(393, 'Sam Fay', '2008-01-11', 5, 1, 162, '2024-03-19 03:33:17', '2024-03-19 03:33:17'),
(394, 'Mr. Connor Fadel III', '2010-04-10', 1, 2, 709, '2024-03-19 03:33:17', '2024-03-19 03:33:17'),
(395, 'Lambert Bogisich', '2011-09-05', 3, 1, 371, '2024-03-19 03:33:17', '2024-03-19 03:33:17'),
(396, 'Dennis Aufderhar', '2005-08-08', 3, 1, 246, '2024-03-19 03:33:17', '2024-03-19 03:33:17'),
(397, 'Leanne Kling', '2013-07-15', 2, 2, 458, '2024-03-19 03:33:17', '2024-03-19 03:33:17'),
(399, 'Casandra Ritchie', '2009-01-14', 6, 2, 638, '2024-03-19 03:33:17', '2024-03-19 03:33:17'),
(400, 'Salvador McKenzie', '2009-09-25', 1, 3, 693, '2024-03-19 03:33:17', '2024-03-19 03:33:17'),
(401, 'Ariel Boyer MD', '2013-04-16', 3, 1, 943, '2024-03-19 03:33:17', '2024-03-19 03:33:17'),
(402, 'Zoey Gaylord', '2009-08-14', 5, 2, 164, '2024-03-19 03:33:17', '2024-03-19 03:33:17'),
(403, 'Mr. Demarcus Runolfsson MD', '2004-05-11', 6, 2, 984, '2024-03-19 03:33:17', '2024-03-19 03:33:17'),
(404, 'Stuart Predovic', '2006-02-23', 5, 2, 229, '2024-03-19 03:33:17', '2024-03-19 03:33:17'),
(406, 'Mertie Blanda', '2011-07-11', 1, 1, 631, '2024-03-19 03:33:17', '2024-03-19 03:33:17'),
(408, 'Sydnee Tillman', '2008-08-13', 4, 4, 805, '2024-03-19 03:33:17', '2024-03-19 03:33:17'),
(409, 'Mr. Isom Mills MD', '2008-05-21', 4, 3, 399, '2024-03-19 03:33:17', '2024-03-19 03:33:17'),
(410, 'Savion Runolfsdottir', '2009-01-18', 6, 2, 180, '2024-03-19 03:33:17', '2024-03-19 03:33:17'),
(411, 'Walker Hahn', '2004-05-07', 5, 3, 422, '2024-03-19 03:33:17', '2024-03-19 03:33:17'),
(412, 'Hudson Rice', '2007-10-03', 5, 2, 493, '2024-03-19 03:33:17', '2024-03-19 03:33:17'),
(413, 'Isai Steuber', '2012-06-19', 1, 1, 863, '2024-03-19 03:33:17', '2024-03-19 03:33:17'),
(414, 'Solon Leannon', '2011-08-17', 5, 2, 144, '2024-03-19 03:33:17', '2024-03-19 03:33:17'),
(415, 'Korey Heaney', '2007-07-09', 3, 4, 726, '2024-03-19 03:33:17', '2024-03-19 03:33:17'),
(417, 'Kraig Torp', '2011-05-23', 5, 4, 403, '2024-03-19 03:33:17', '2024-03-19 03:33:17'),
(418, 'Keagan Mertz Sr.', '2014-02-07', 5, 3, 674, '2024-03-19 03:33:17', '2024-03-19 03:33:17'),
(419, 'Prof. Marie Armstrong', '2013-08-26', 5, 4, 792, '2024-03-19 03:33:17', '2024-03-19 03:33:17'),
(420, 'Kaylah Stroman', '2009-05-27', 3, 2, 241, '2024-03-19 03:33:17', '2024-03-19 03:33:17'),
(421, 'Mrs. Fleta Goyette', '2011-07-10', 5, 4, 492, '2024-03-19 03:33:17', '2024-03-19 03:33:17'),
(422, 'Mr. Jerrell Hermiston DVM', '2012-09-17', 5, 4, 787, '2024-03-19 03:33:17', '2024-03-19 03:33:17'),
(423, 'Alene Miller', '2009-09-12', 4, 3, 346, '2024-03-19 03:33:17', '2024-03-19 03:33:17'),
(424, 'Mr. Sage Mraz', '2012-05-02', 2, 2, 465, '2024-03-19 03:33:17', '2024-03-19 03:33:17'),
(425, 'Dewayne Ernser II', '2007-08-15', 3, 1, 917, '2024-03-19 03:33:17', '2024-03-19 03:33:17'),
(426, 'Jarret Swift', '2009-05-17', 3, 4, 470, '2024-03-19 03:33:17', '2024-03-19 03:33:17'),
(427, 'Dion Feest', '2011-06-18', 4, 3, 495, '2024-03-19 03:33:17', '2024-03-19 03:33:17'),
(428, 'Mekhi Schoen', '2013-01-22', 5, 3, 843, '2024-03-19 03:33:17', '2024-03-19 03:33:17'),
(430, 'Bettye Kris', '2007-06-24', 6, 3, 468, '2024-03-19 03:33:17', '2024-03-19 03:33:17'),
(431, 'Ed Carroll DDS', '2004-07-26', 3, 1, 475, '2024-03-19 03:33:17', '2024-03-19 03:33:17'),
(432, 'Horacio Ferry', '2007-01-03', 2, 4, 433, '2024-03-19 03:33:17', '2024-03-19 03:33:17'),
(433, 'Prof. Keith Weissnat', '2007-01-04', 3, 1, 330, '2024-03-19 03:33:17', '2024-03-19 03:33:17'),
(434, 'Valentine Ebert', '2011-04-17', 5, 2, 608, '2024-03-19 03:33:17', '2024-03-19 03:33:17'),
(435, 'Dr. Leonel Boehm III', '2012-12-15', 5, 3, 367, '2024-03-19 03:33:17', '2024-03-19 03:33:17'),
(436, 'Dr. Domenick Weissnat', '2012-06-13', 5, 4, 563, '2024-03-19 03:33:17', '2024-03-19 03:33:17'),
(437, 'Zander Bogan', '2010-11-18', 2, 3, 767, '2024-03-19 03:33:17', '2024-03-19 03:33:17'),
(439, 'Alisa Bins', '2011-11-07', 6, 4, 961, '2024-03-19 03:33:17', '2024-03-19 03:33:17'),
(440, 'Velma McLaughlin', '2005-08-29', 1, 4, 389, '2024-03-19 03:33:17', '2024-03-19 03:33:17'),
(444, 'Alta Gottlieb', '2004-08-03', 4, 2, 578, '2024-03-19 03:33:17', '2024-03-19 03:33:17'),
(445, 'Jaycee Carter', '2009-11-17', 3, 4, 977, '2024-03-19 03:33:17', '2024-03-19 03:33:17'),
(446, 'Alayna Fisher', '2010-06-09', 2, 3, 322, '2024-03-19 03:33:17', '2024-03-19 03:33:17'),
(447, 'Misael Wisoky DVM', '2012-02-22', 3, 3, 624, '2024-03-19 03:33:17', '2024-03-19 03:33:17'),
(448, 'Stanford Koelpin', '2010-10-05', 3, 4, 874, '2024-03-19 03:33:17', '2024-03-19 03:33:17'),
(449, 'Miss Maeve Greenholt', '2005-05-26', 3, 2, 707, '2024-03-19 03:33:17', '2024-03-19 03:33:17'),
(450, 'Isaias Christiansen', '2013-11-22', 6, 4, 138, '2024-03-19 03:33:17', '2024-03-19 03:33:17');

--
-- Indexes for dumped tables
--

--
-- Indexes for table `batches`
--
ALTER TABLE `batches`
  ADD PRIMARY KEY (`id`);

--
-- Indexes for table `courses`
--
ALTER TABLE `courses`
  ADD PRIMARY KEY (`id`);

--
-- Indexes for table `enrollments`
--
ALTER TABLE `enrollments`
  ADD PRIMARY KEY (`id`);

--
-- Indexes for table `gender`
--
ALTER TABLE `gender`
  ADD PRIMARY KEY (`id`);

--
-- Indexes for table `modules`
--
ALTER TABLE `modules`
  ADD PRIMARY KEY (`id`);

--
-- Indexes for table `nationality`
--
ALTER TABLE `nationality`
  ADD PRIMARY KEY (`id`);

--
-- Indexes for table `students`
--
ALTER TABLE `students`
  ADD PRIMARY KEY (`id`);

--
-- AUTO_INCREMENT for dumped tables
--

--
-- AUTO_INCREMENT for table `batches`
--
ALTER TABLE `batches`
  MODIFY `id` bigint UNSIGNED NOT NULL AUTO_INCREMENT, AUTO_INCREMENT=6;

--
-- AUTO_INCREMENT for table `courses`
--
ALTER TABLE `courses`
  MODIFY `id` bigint UNSIGNED NOT NULL AUTO_INCREMENT, AUTO_INCREMENT=6;

--
-- AUTO_INCREMENT for table `enrollments`
--
ALTER TABLE `enrollments`
  MODIFY `id` bigint UNSIGNED NOT NULL AUTO_INCREMENT, AUTO_INCREMENT=701;

--
-- AUTO_INCREMENT for table `gender`
--
ALTER TABLE `gender`
  MODIFY `id` int NOT NULL AUTO_INCREMENT, AUTO_INCREMENT=5;

--
-- AUTO_INCREMENT for table `modules`
--
ALTER TABLE `modules`
  MODIFY `id` int NOT NULL AUTO_INCREMENT, AUTO_INCREMENT=13;

--
-- AUTO_INCREMENT for table `nationality`
--
ALTER TABLE `nationality`
  MODIFY `id` int NOT NULL AUTO_INCREMENT, AUTO_INCREMENT=7;

--
-- AUTO_INCREMENT for table `students`
--
ALTER TABLE `students`
  MODIFY `id` bigint UNSIGNED NOT NULL AUTO_INCREMENT, AUTO_INCREMENT=451;
COMMIT;

/*!40101 SET CHARACTER_SET_CLIENT=@OLD_CHARACTER_SET_CLIENT */;
/*!40101 SET CHARACTER_SET_RESULTS=@OLD_CHARACTER_SET_RESULTS */;
/*!40101 SET COLLATION_CONNECTION=@OLD_COLLATION_CONNECTION */;
