-- phpMyAdmin SQL Dump
-- version 5.2.1
-- https://www.phpmyadmin.net/
--
-- Host: localhost
-- Generation Time: Mar 19, 2024 at 10:39 AM
-- Server version: 8.0.33
-- PHP Version: 8.2.5

SET SQL_MODE = "NO_AUTO_VALUE_ON_ZERO";
START TRANSACTION;
SET time_zone = "+00:00";


/*!40101 SET @OLD_CHARACTER_SET_CLIENT=@@CHARACTER_SET_CLIENT */;
/*!40101 SET @OLD_CHARACTER_SET_RESULTS=@@CHARACTER_SET_RESULTS */;
/*!40101 SET @OLD_COLLATION_CONNECTION=@@COLLATION_CONNECTION */;
/*!40101 SET NAMES utf8mb4 */;

--
-- Database: `laravel`
--

-- --------------------------------------------------------

--
-- Table structure for table `batches`
--

CREATE TABLE `batches` (
  `id` bigint UNSIGNED NOT NULL,
  `name` varchar(20) COLLATE utf8mb4_unicode_ci NOT NULL,
  `course_id` bigint NOT NULL,
  `start_date` date NOT NULL,
  `start_time` time NOT NULL,
  `end_time` time NOT NULL,
  `is_register_open` tinyint(1) NOT NULL,
  `student_limit` int NOT NULL DEFAULT '20',
  `created_at` timestamp NULL DEFAULT NULL,
  `updated_at` timestamp NULL DEFAULT NULL
) ENGINE=InnoDB DEFAULT CHARSET=utf8mb4 COLLATE=utf8mb4_unicode_ci;

--
-- Dumping data for table `batches`
--

INSERT INTO `batches` (`id`, `name`, `course_id`, `start_date`, `start_time`, `end_time`, `is_register_open`, `student_limit`, `created_at`, `updated_at`) VALUES
(1, 'SWD JAN 2024', 3, '2024-01-27', '15:00:00', '17:00:00', 0, 45, '2024-03-19 03:33:17', '2024-03-19 03:33:17'),
(2, 'WAD FEB 2024', 4, '2024-02-07', '13:00:00', '15:00:00', 0, 30, '2024-03-19 03:33:17', '2024-03-19 03:33:17'),
(3, 'BUD MAR 2024', 3, '2024-03-23', '13:00:00', '15:00:00', 1, 70, '2024-03-19 03:33:17', '2024-03-19 03:33:17'),
(4, 'PUD APR 2024', 3, '2024-04-05', '09:00:00', '11:00:00', 1, 25, '2024-03-19 03:33:17', '2024-03-19 03:33:17');

-- --------------------------------------------------------

--
-- Table structure for table `cache`
--

CREATE TABLE `cache` (
  `key` varchar(255) COLLATE utf8mb4_unicode_ci NOT NULL,
  `value` mediumtext COLLATE utf8mb4_unicode_ci NOT NULL,
  `expiration` int NOT NULL
) ENGINE=InnoDB DEFAULT CHARSET=utf8mb4 COLLATE=utf8mb4_unicode_ci;

-- --------------------------------------------------------

--
-- Table structure for table `cache_locks`
--

CREATE TABLE `cache_locks` (
  `key` varchar(255) COLLATE utf8mb4_unicode_ci NOT NULL,
  `owner` varchar(255) COLLATE utf8mb4_unicode_ci NOT NULL,
  `expiration` int NOT NULL
) ENGINE=InnoDB DEFAULT CHARSET=utf8mb4 COLLATE=utf8mb4_unicode_ci;

-- --------------------------------------------------------

--
-- Table structure for table `courses`
--

CREATE TABLE `courses` (
  `id` bigint UNSIGNED NOT NULL,
  `title` varchar(50) COLLATE utf8mb4_unicode_ci NOT NULL,
  `short` varchar(10) COLLATE utf8mb4_unicode_ci NOT NULL,
  `fee` int NOT NULL,
  `created_at` timestamp NULL DEFAULT NULL,
  `updated_at` timestamp NULL DEFAULT NULL
) ENGINE=InnoDB DEFAULT CHARSET=utf8mb4 COLLATE=utf8mb4_unicode_ci;

--
-- Dumping data for table `courses`
--

INSERT INTO `courses` (`id`, `title`, `short`, `fee`, `created_at`, `updated_at`) VALUES
(1, 'Web Development Foundation', 'WDF', 0, '2024-03-19 03:33:17', '2024-03-19 03:33:17'),
(2, 'Basic UI Design', 'BUD', 80000, '2024-03-19 03:33:17', '2024-03-19 03:33:17'),
(3, 'Special Web Design', 'SWD', 300000, '2024-03-19 03:33:17', '2024-03-19 03:33:17'),
(4, 'Web Application Development', 'WAD', 300000, '2024-03-19 03:33:17', '2024-03-19 03:33:17'),
(5, 'Premium UI Design', 'PUD', 300000, '2024-03-19 03:33:17', '2024-03-19 03:33:17');

-- --------------------------------------------------------

--
-- Table structure for table `enrollments`
--

CREATE TABLE `enrollments` (
  `id` bigint UNSIGNED NOT NULL,
  `student_id` bigint NOT NULL,
  `batch_id` bigint NOT NULL,
  `created_at` timestamp NULL DEFAULT NULL,
  `updated_at` timestamp NULL DEFAULT NULL
) ENGINE=InnoDB DEFAULT CHARSET=utf8mb4 COLLATE=utf8mb4_unicode_ci;

--
-- Dumping data for table `enrollments`
--

INSERT INTO `enrollments` (`id`, `student_id`, `batch_id`, `created_at`, `updated_at`) VALUES
(1, 35, 1, '2024-03-19 03:33:17', '2024-03-19 03:33:17'),
(2, 2, 4, '2024-03-19 03:33:17', '2024-03-19 03:33:17'),
(3, 70, 2, '2024-03-19 03:33:17', '2024-03-19 03:33:17'),
(4, 121, 2, '2024-03-19 03:33:17', '2024-03-19 03:33:17'),
(5, 250, 4, '2024-03-19 03:33:17', '2024-03-19 03:33:17'),
(6, 335, 4, '2024-03-19 03:33:17', '2024-03-19 03:33:17'),
(7, 19, 2, '2024-03-19 03:33:17', '2024-03-19 03:33:17'),
(8, 159, 3, '2024-03-19 03:33:17', '2024-03-19 03:33:17'),
(9, 325, 1, '2024-03-19 03:33:17', '2024-03-19 03:33:17'),
(10, 27, 1, '2024-03-19 03:33:17', '2024-03-19 03:33:17'),
(11, 312, 4, '2024-03-19 03:33:17', '2024-03-19 03:33:17'),
(12, 223, 1, '2024-03-19 03:33:17', '2024-03-19 03:33:17'),
(13, 28, 4, '2024-03-19 03:33:17', '2024-03-19 03:33:17'),
(14, 193, 2, '2024-03-19 03:33:17', '2024-03-19 03:33:17'),
(15, 13, 3, '2024-03-19 03:33:17', '2024-03-19 03:33:17'),
(16, 102, 4, '2024-03-19 03:33:17', '2024-03-19 03:33:17'),
(17, 120, 4, '2024-03-19 03:33:17', '2024-03-19 03:33:17'),
(18, 411, 3, '2024-03-19 03:33:17', '2024-03-19 03:33:17'),
(19, 317, 1, '2024-03-19 03:33:17', '2024-03-19 03:33:17'),
(20, 156, 1, '2024-03-19 03:33:17', '2024-03-19 03:33:17'),
(21, 360, 4, '2024-03-19 03:33:17', '2024-03-19 03:33:17'),
(22, 201, 2, '2024-03-19 03:33:17', '2024-03-19 03:33:17'),
(23, 230, 3, '2024-03-19 03:33:17', '2024-03-19 03:33:17'),
(24, 340, 1, '2024-03-19 03:33:17', '2024-03-19 03:33:17'),
(25, 81, 4, '2024-03-19 03:33:17', '2024-03-19 03:33:17'),
(26, 278, 3, '2024-03-19 03:33:17', '2024-03-19 03:33:17'),
(27, 46, 3, '2024-03-19 03:33:17', '2024-03-19 03:33:17'),
(28, 441, 2, '2024-03-19 03:33:17', '2024-03-19 03:33:17'),
(29, 371, 3, '2024-03-19 03:33:17', '2024-03-19 03:33:17'),
(30, 269, 2, '2024-03-19 03:33:17', '2024-03-19 03:33:17'),
(31, 414, 1, '2024-03-19 03:33:17', '2024-03-19 03:33:17'),
(32, 236, 1, '2024-03-19 03:33:17', '2024-03-19 03:33:17'),
(33, 220, 3, '2024-03-19 03:33:17', '2024-03-19 03:33:17'),
(34, 36, 1, '2024-03-19 03:33:17', '2024-03-19 03:33:17'),
(35, 101, 3, '2024-03-19 03:33:17', '2024-03-19 03:33:17'),
(36, 131, 4, '2024-03-19 03:33:17', '2024-03-19 03:33:17'),
(37, 64, 4, '2024-03-19 03:33:17', '2024-03-19 03:33:17'),
(38, 386, 2, '2024-03-19 03:33:17', '2024-03-19 03:33:17'),
(39, 175, 2, '2024-03-19 03:33:17', '2024-03-19 03:33:17'),
(40, 207, 4, '2024-03-19 03:33:17', '2024-03-19 03:33:17'),
(41, 373, 2, '2024-03-19 03:33:17', '2024-03-19 03:33:17'),
(42, 340, 1, '2024-03-19 03:33:17', '2024-03-19 03:33:17'),
(43, 139, 2, '2024-03-19 03:33:17', '2024-03-19 03:33:17'),
(44, 156, 4, '2024-03-19 03:33:17', '2024-03-19 03:33:17'),
(45, 163, 2, '2024-03-19 03:33:17', '2024-03-19 03:33:17'),
(46, 143, 3, '2024-03-19 03:33:17', '2024-03-19 03:33:17'),
(47, 20, 4, '2024-03-19 03:33:17', '2024-03-19 03:33:17'),
(48, 186, 2, '2024-03-19 03:33:17', '2024-03-19 03:33:17'),
(49, 10, 2, '2024-03-19 03:33:17', '2024-03-19 03:33:17'),
(50, 314, 3, '2024-03-19 03:33:17', '2024-03-19 03:33:17'),
(51, 232, 3, '2024-03-19 03:33:17', '2024-03-19 03:33:17'),
(52, 180, 3, '2024-03-19 03:33:17', '2024-03-19 03:33:17'),
(53, 170, 2, '2024-03-19 03:33:17', '2024-03-19 03:33:17'),
(54, 204, 3, '2024-03-19 03:33:17', '2024-03-19 03:33:17'),
(55, 148, 1, '2024-03-19 03:33:17', '2024-03-19 03:33:17'),
(56, 382, 1, '2024-03-19 03:33:17', '2024-03-19 03:33:17'),
(57, 379, 3, '2024-03-19 03:33:17', '2024-03-19 03:33:17'),
(58, 47, 4, '2024-03-19 03:33:17', '2024-03-19 03:33:17'),
(59, 4, 2, '2024-03-19 03:33:17', '2024-03-19 03:33:17'),
(60, 416, 1, '2024-03-19 03:33:17', '2024-03-19 03:33:17'),
(61, 279, 1, '2024-03-19 03:33:17', '2024-03-19 03:33:17'),
(62, 132, 4, '2024-03-19 03:33:17', '2024-03-19 03:33:17'),
(63, 167, 2, '2024-03-19 03:33:17', '2024-03-19 03:33:17'),
(64, 435, 4, '2024-03-19 03:33:17', '2024-03-19 03:33:17'),
(65, 352, 3, '2024-03-19 03:33:17', '2024-03-19 03:33:17'),
(66, 432, 1, '2024-03-19 03:33:17', '2024-03-19 03:33:17'),
(67, 64, 1, '2024-03-19 03:33:17', '2024-03-19 03:33:17'),
(68, 223, 4, '2024-03-19 03:33:18', '2024-03-19 03:33:18'),
(69, 269, 4, '2024-03-19 03:33:18', '2024-03-19 03:33:18'),
(70, 282, 2, '2024-03-19 03:33:18', '2024-03-19 03:33:18'),
(71, 60, 1, '2024-03-19 03:33:18', '2024-03-19 03:33:18'),
(72, 227, 3, '2024-03-19 03:33:18', '2024-03-19 03:33:18'),
(73, 32, 3, '2024-03-19 03:33:18', '2024-03-19 03:33:18'),
(74, 65, 1, '2024-03-19 03:33:18', '2024-03-19 03:33:18'),
(75, 130, 4, '2024-03-19 03:33:18', '2024-03-19 03:33:18'),
(76, 381, 4, '2024-03-19 03:33:18', '2024-03-19 03:33:18'),
(77, 384, 1, '2024-03-19 03:33:18', '2024-03-19 03:33:18'),
(78, 7, 1, '2024-03-19 03:33:18', '2024-03-19 03:33:18'),
(79, 300, 3, '2024-03-19 03:33:18', '2024-03-19 03:33:18'),
(80, 248, 1, '2024-03-19 03:33:18', '2024-03-19 03:33:18'),
(81, 18, 3, '2024-03-19 03:33:18', '2024-03-19 03:33:18'),
(82, 109, 3, '2024-03-19 03:33:18', '2024-03-19 03:33:18'),
(83, 299, 2, '2024-03-19 03:33:18', '2024-03-19 03:33:18'),
(84, 43, 1, '2024-03-19 03:33:18', '2024-03-19 03:33:18'),
(85, 159, 1, '2024-03-19 03:33:18', '2024-03-19 03:33:18'),
(86, 10, 4, '2024-03-19 03:33:18', '2024-03-19 03:33:18'),
(87, 66, 2, '2024-03-19 03:33:18', '2024-03-19 03:33:18'),
(88, 29, 2, '2024-03-19 03:33:18', '2024-03-19 03:33:18'),
(89, 408, 1, '2024-03-19 03:33:18', '2024-03-19 03:33:18'),
(90, 167, 1, '2024-03-19 03:33:18', '2024-03-19 03:33:18'),
(91, 93, 3, '2024-03-19 03:33:18', '2024-03-19 03:33:18'),
(92, 322, 3, '2024-03-19 03:33:18', '2024-03-19 03:33:18'),
(93, 36, 4, '2024-03-19 03:33:18', '2024-03-19 03:33:18'),
(94, 408, 1, '2024-03-19 03:33:18', '2024-03-19 03:33:18'),
(95, 107, 4, '2024-03-19 03:33:18', '2024-03-19 03:33:18'),
(96, 257, 3, '2024-03-19 03:33:18', '2024-03-19 03:33:18'),
(97, 231, 4, '2024-03-19 03:33:18', '2024-03-19 03:33:18'),
(98, 182, 2, '2024-03-19 03:33:18', '2024-03-19 03:33:18'),
(99, 323, 4, '2024-03-19 03:33:18', '2024-03-19 03:33:18'),
(100, 377, 1, '2024-03-19 03:33:18', '2024-03-19 03:33:18'),
(101, 109, 1, '2024-03-19 03:33:18', '2024-03-19 03:33:18'),
(102, 166, 1, '2024-03-19 03:33:18', '2024-03-19 03:33:18'),
(103, 172, 2, '2024-03-19 03:33:18', '2024-03-19 03:33:18'),
(104, 161, 4, '2024-03-19 03:33:18', '2024-03-19 03:33:18'),
(105, 227, 1, '2024-03-19 03:33:18', '2024-03-19 03:33:18'),
(106, 440, 2, '2024-03-19 03:33:18', '2024-03-19 03:33:18'),
(107, 326, 3, '2024-03-19 03:33:18', '2024-03-19 03:33:18'),
(108, 306, 1, '2024-03-19 03:33:18', '2024-03-19 03:33:18'),
(109, 105, 4, '2024-03-19 03:33:18', '2024-03-19 03:33:18'),
(110, 172, 2, '2024-03-19 03:33:18', '2024-03-19 03:33:18'),
(111, 18, 2, '2024-03-19 03:33:18', '2024-03-19 03:33:18'),
(112, 448, 2, '2024-03-19 03:33:18', '2024-03-19 03:33:18'),
(113, 371, 4, '2024-03-19 03:33:18', '2024-03-19 03:33:18'),
(114, 336, 3, '2024-03-19 03:33:18', '2024-03-19 03:33:18'),
(115, 13, 1, '2024-03-19 03:33:18', '2024-03-19 03:33:18'),
(116, 258, 4, '2024-03-19 03:33:18', '2024-03-19 03:33:18'),
(117, 367, 2, '2024-03-19 03:33:18', '2024-03-19 03:33:18'),
(118, 447, 3, '2024-03-19 03:33:18', '2024-03-19 03:33:18'),
(119, 175, 1, '2024-03-19 03:33:18', '2024-03-19 03:33:18'),
(120, 354, 4, '2024-03-19 03:33:18', '2024-03-19 03:33:18'),
(121, 321, 4, '2024-03-19 03:33:18', '2024-03-19 03:33:18'),
(122, 353, 4, '2024-03-19 03:33:18', '2024-03-19 03:33:18'),
(123, 39, 3, '2024-03-19 03:33:18', '2024-03-19 03:33:18'),
(124, 358, 2, '2024-03-19 03:33:18', '2024-03-19 03:33:18'),
(125, 233, 1, '2024-03-19 03:33:18', '2024-03-19 03:33:18'),
(126, 445, 2, '2024-03-19 03:33:18', '2024-03-19 03:33:18'),
(127, 79, 4, '2024-03-19 03:33:18', '2024-03-19 03:33:18'),
(128, 31, 2, '2024-03-19 03:33:18', '2024-03-19 03:33:18'),
(129, 274, 3, '2024-03-19 03:33:18', '2024-03-19 03:33:18'),
(130, 239, 2, '2024-03-19 03:33:18', '2024-03-19 03:33:18'),
(131, 78, 3, '2024-03-19 03:33:18', '2024-03-19 03:33:18'),
(132, 389, 1, '2024-03-19 03:33:18', '2024-03-19 03:33:18'),
(133, 271, 1, '2024-03-19 03:33:18', '2024-03-19 03:33:18'),
(134, 317, 2, '2024-03-19 03:33:18', '2024-03-19 03:33:18'),
(135, 284, 3, '2024-03-19 03:33:18', '2024-03-19 03:33:18'),
(136, 8, 3, '2024-03-19 03:33:18', '2024-03-19 03:33:18'),
(137, 156, 1, '2024-03-19 03:33:18', '2024-03-19 03:33:18'),
(138, 354, 1, '2024-03-19 03:33:18', '2024-03-19 03:33:18'),
(139, 84, 2, '2024-03-19 03:33:18', '2024-03-19 03:33:18'),
(140, 138, 1, '2024-03-19 03:33:18', '2024-03-19 03:33:18'),
(141, 66, 4, '2024-03-19 03:33:18', '2024-03-19 03:33:18'),
(142, 389, 3, '2024-03-19 03:33:18', '2024-03-19 03:33:18'),
(143, 267, 3, '2024-03-19 03:33:18', '2024-03-19 03:33:18'),
(144, 167, 1, '2024-03-19 03:33:18', '2024-03-19 03:33:18'),
(145, 160, 1, '2024-03-19 03:33:18', '2024-03-19 03:33:18'),
(146, 341, 2, '2024-03-19 03:33:18', '2024-03-19 03:33:18'),
(147, 67, 1, '2024-03-19 03:33:18', '2024-03-19 03:33:18'),
(148, 144, 2, '2024-03-19 03:33:18', '2024-03-19 03:33:18'),
(149, 326, 3, '2024-03-19 03:33:18', '2024-03-19 03:33:18'),
(150, 108, 4, '2024-03-19 03:33:18', '2024-03-19 03:33:18'),
(151, 324, 1, '2024-03-19 03:33:18', '2024-03-19 03:33:18'),
(152, 140, 3, '2024-03-19 03:33:18', '2024-03-19 03:33:18'),
(153, 355, 4, '2024-03-19 03:33:18', '2024-03-19 03:33:18'),
(154, 388, 2, '2024-03-19 03:33:18', '2024-03-19 03:33:18'),
(155, 237, 2, '2024-03-19 03:33:18', '2024-03-19 03:33:18'),
(156, 158, 4, '2024-03-19 03:33:18', '2024-03-19 03:33:18'),
(157, 423, 2, '2024-03-19 03:33:18', '2024-03-19 03:33:18'),
(158, 387, 2, '2024-03-19 03:33:18', '2024-03-19 03:33:18'),
(159, 50, 1, '2024-03-19 03:33:18', '2024-03-19 03:33:18'),
(160, 23, 4, '2024-03-19 03:33:18', '2024-03-19 03:33:18'),
(161, 277, 2, '2024-03-19 03:33:18', '2024-03-19 03:33:18'),
(162, 225, 3, '2024-03-19 03:33:18', '2024-03-19 03:33:18'),
(163, 445, 3, '2024-03-19 03:33:18', '2024-03-19 03:33:18'),
(164, 437, 1, '2024-03-19 03:33:18', '2024-03-19 03:33:18'),
(165, 86, 1, '2024-03-19 03:33:18', '2024-03-19 03:33:18'),
(166, 84, 2, '2024-03-19 03:33:18', '2024-03-19 03:33:18'),
(167, 102, 4, '2024-03-19 03:33:18', '2024-03-19 03:33:18'),
(168, 300, 2, '2024-03-19 03:33:18', '2024-03-19 03:33:18'),
(169, 449, 1, '2024-03-19 03:33:18', '2024-03-19 03:33:18'),
(170, 333, 1, '2024-03-19 03:33:18', '2024-03-19 03:33:18'),
(171, 122, 3, '2024-03-19 03:33:18', '2024-03-19 03:33:18'),
(172, 316, 2, '2024-03-19 03:33:18', '2024-03-19 03:33:18'),
(173, 372, 4, '2024-03-19 03:33:18', '2024-03-19 03:33:18'),
(174, 46, 4, '2024-03-19 03:33:18', '2024-03-19 03:33:18'),
(175, 411, 4, '2024-03-19 03:33:18', '2024-03-19 03:33:18'),
(176, 192, 4, '2024-03-19 03:33:18', '2024-03-19 03:33:18'),
(177, 5, 1, '2024-03-19 03:33:18', '2024-03-19 03:33:18'),
(178, 254, 3, '2024-03-19 03:33:18', '2024-03-19 03:33:18'),
(179, 228, 2, '2024-03-19 03:33:18', '2024-03-19 03:33:18'),
(180, 110, 1, '2024-03-19 03:33:18', '2024-03-19 03:33:18'),
(181, 382, 2, '2024-03-19 03:33:18', '2024-03-19 03:33:18'),
(182, 4, 4, '2024-03-19 03:33:18', '2024-03-19 03:33:18'),
(183, 156, 1, '2024-03-19 03:33:18', '2024-03-19 03:33:18'),
(184, 410, 2, '2024-03-19 03:33:18', '2024-03-19 03:33:18'),
(185, 338, 4, '2024-03-19 03:33:18', '2024-03-19 03:33:18'),
(186, 363, 3, '2024-03-19 03:33:18', '2024-03-19 03:33:18'),
(187, 343, 2, '2024-03-19 03:33:18', '2024-03-19 03:33:18'),
(188, 447, 4, '2024-03-19 03:33:18', '2024-03-19 03:33:18'),
(189, 384, 1, '2024-03-19 03:33:18', '2024-03-19 03:33:18'),
(190, 443, 3, '2024-03-19 03:33:18', '2024-03-19 03:33:18'),
(191, 448, 2, '2024-03-19 03:33:18', '2024-03-19 03:33:18'),
(192, 32, 3, '2024-03-19 03:33:18', '2024-03-19 03:33:18'),
(193, 339, 2, '2024-03-19 03:33:18', '2024-03-19 03:33:18'),
(194, 360, 4, '2024-03-19 03:33:18', '2024-03-19 03:33:18'),
(195, 79, 3, '2024-03-19 03:33:18', '2024-03-19 03:33:18'),
(196, 201, 1, '2024-03-19 03:33:18', '2024-03-19 03:33:18'),
(197, 310, 1, '2024-03-19 03:33:18', '2024-03-19 03:33:18'),
(198, 381, 1, '2024-03-19 03:33:18', '2024-03-19 03:33:18'),
(199, 25, 1, '2024-03-19 03:33:18', '2024-03-19 03:33:18'),
(200, 279, 1, '2024-03-19 03:33:18', '2024-03-19 03:33:18'),
(201, 250, 1, '2024-03-19 03:33:18', '2024-03-19 03:33:18'),
(202, 346, 2, '2024-03-19 03:33:18', '2024-03-19 03:33:18'),
(203, 74, 1, '2024-03-19 03:33:18', '2024-03-19 03:33:18'),
(204, 252, 4, '2024-03-19 03:33:18', '2024-03-19 03:33:18'),
(205, 8, 1, '2024-03-19 03:33:18', '2024-03-19 03:33:18'),
(206, 178, 2, '2024-03-19 03:33:18', '2024-03-19 03:33:18'),
(207, 177, 1, '2024-03-19 03:33:18', '2024-03-19 03:33:18'),
(208, 268, 2, '2024-03-19 03:33:18', '2024-03-19 03:33:18'),
(209, 285, 1, '2024-03-19 03:33:18', '2024-03-19 03:33:18'),
(210, 74, 3, '2024-03-19 03:33:18', '2024-03-19 03:33:18'),
(211, 354, 3, '2024-03-19 03:33:18', '2024-03-19 03:33:18'),
(212, 342, 4, '2024-03-19 03:33:18', '2024-03-19 03:33:18'),
(213, 40, 2, '2024-03-19 03:33:18', '2024-03-19 03:33:18'),
(214, 257, 4, '2024-03-19 03:33:18', '2024-03-19 03:33:18'),
(215, 426, 3, '2024-03-19 03:33:18', '2024-03-19 03:33:18'),
(216, 184, 4, '2024-03-19 03:33:18', '2024-03-19 03:33:18'),
(217, 412, 3, '2024-03-19 03:33:18', '2024-03-19 03:33:18'),
(218, 110, 3, '2024-03-19 03:33:18', '2024-03-19 03:33:18'),
(219, 430, 4, '2024-03-19 03:33:18', '2024-03-19 03:33:18'),
(220, 180, 1, '2024-03-19 03:33:18', '2024-03-19 03:33:18'),
(221, 225, 3, '2024-03-19 03:33:18', '2024-03-19 03:33:18'),
(222, 74, 2, '2024-03-19 03:33:18', '2024-03-19 03:33:18'),
(223, 437, 1, '2024-03-19 03:33:18', '2024-03-19 03:33:18'),
(224, 330, 4, '2024-03-19 03:33:18', '2024-03-19 03:33:18'),
(225, 169, 2, '2024-03-19 03:33:18', '2024-03-19 03:33:18'),
(226, 86, 1, '2024-03-19 03:33:18', '2024-03-19 03:33:18'),
(227, 255, 1, '2024-03-19 03:33:18', '2024-03-19 03:33:18'),
(228, 131, 1, '2024-03-19 03:33:18', '2024-03-19 03:33:18'),
(229, 47, 3, '2024-03-19 03:33:18', '2024-03-19 03:33:18'),
(230, 231, 2, '2024-03-19 03:33:18', '2024-03-19 03:33:18'),
(231, 224, 3, '2024-03-19 03:33:18', '2024-03-19 03:33:18'),
(232, 49, 4, '2024-03-19 03:33:18', '2024-03-19 03:33:18'),
(233, 278, 3, '2024-03-19 03:33:18', '2024-03-19 03:33:18'),
(234, 288, 2, '2024-03-19 03:33:18', '2024-03-19 03:33:18'),
(235, 9, 3, '2024-03-19 03:33:18', '2024-03-19 03:33:18'),
(236, 292, 2, '2024-03-19 03:33:18', '2024-03-19 03:33:18'),
(237, 129, 3, '2024-03-19 03:33:18', '2024-03-19 03:33:18'),
(238, 384, 2, '2024-03-19 03:33:18', '2024-03-19 03:33:18'),
(239, 351, 2, '2024-03-19 03:33:18', '2024-03-19 03:33:18'),
(240, 101, 3, '2024-03-19 03:33:18', '2024-03-19 03:33:18'),
(241, 288, 3, '2024-03-19 03:33:18', '2024-03-19 03:33:18'),
(242, 92, 3, '2024-03-19 03:33:18', '2024-03-19 03:33:18'),
(243, 279, 2, '2024-03-19 03:33:18', '2024-03-19 03:33:18'),
(244, 47, 2, '2024-03-19 03:33:18', '2024-03-19 03:33:18'),
(245, 76, 3, '2024-03-19 03:33:18', '2024-03-19 03:33:18'),
(246, 367, 1, '2024-03-19 03:33:18', '2024-03-19 03:33:18'),
(247, 376, 4, '2024-03-19 03:33:18', '2024-03-19 03:33:18'),
(248, 430, 3, '2024-03-19 03:33:18', '2024-03-19 03:33:18'),
(249, 206, 2, '2024-03-19 03:33:18', '2024-03-19 03:33:18'),
(250, 385, 1, '2024-03-19 03:33:18', '2024-03-19 03:33:18'),
(251, 178, 4, '2024-03-19 03:33:18', '2024-03-19 03:33:18'),
(252, 109, 1, '2024-03-19 03:33:18', '2024-03-19 03:33:18'),
(253, 59, 1, '2024-03-19 03:33:18', '2024-03-19 03:33:18'),
(254, 78, 2, '2024-03-19 03:33:18', '2024-03-19 03:33:18'),
(255, 331, 1, '2024-03-19 03:33:18', '2024-03-19 03:33:18'),
(256, 39, 3, '2024-03-19 03:33:18', '2024-03-19 03:33:18'),
(257, 262, 2, '2024-03-19 03:33:18', '2024-03-19 03:33:18'),
(258, 57, 3, '2024-03-19 03:33:18', '2024-03-19 03:33:18'),
(259, 70, 2, '2024-03-19 03:33:18', '2024-03-19 03:33:18'),
(260, 102, 3, '2024-03-19 03:33:18', '2024-03-19 03:33:18'),
(261, 258, 1, '2024-03-19 03:33:18', '2024-03-19 03:33:18'),
(262, 186, 1, '2024-03-19 03:33:18', '2024-03-19 03:33:18'),
(263, 241, 1, '2024-03-19 03:33:18', '2024-03-19 03:33:18'),
(264, 197, 2, '2024-03-19 03:33:18', '2024-03-19 03:33:18'),
(265, 210, 1, '2024-03-19 03:33:18', '2024-03-19 03:33:18'),
(266, 273, 1, '2024-03-19 03:33:18', '2024-03-19 03:33:18'),
(267, 10, 3, '2024-03-19 03:33:18', '2024-03-19 03:33:18'),
(268, 81, 1, '2024-03-19 03:33:18', '2024-03-19 03:33:18'),
(269, 62, 4, '2024-03-19 03:33:18', '2024-03-19 03:33:18'),
(270, 261, 4, '2024-03-19 03:33:18', '2024-03-19 03:33:18'),
(271, 75, 1, '2024-03-19 03:33:18', '2024-03-19 03:33:18'),
(272, 385, 1, '2024-03-19 03:33:18', '2024-03-19 03:33:18'),
(273, 234, 1, '2024-03-19 03:33:18', '2024-03-19 03:33:18'),
(274, 16, 4, '2024-03-19 03:33:18', '2024-03-19 03:33:18'),
(275, 161, 1, '2024-03-19 03:33:18', '2024-03-19 03:33:18'),
(276, 206, 2, '2024-03-19 03:33:18', '2024-03-19 03:33:18'),
(277, 162, 4, '2024-03-19 03:33:18', '2024-03-19 03:33:18'),
(278, 315, 2, '2024-03-19 03:33:18', '2024-03-19 03:33:18'),
(279, 351, 2, '2024-03-19 03:33:18', '2024-03-19 03:33:18'),
(280, 220, 2, '2024-03-19 03:33:18', '2024-03-19 03:33:18'),
(281, 362, 3, '2024-03-19 03:33:18', '2024-03-19 03:33:18'),
(282, 201, 2, '2024-03-19 03:33:18', '2024-03-19 03:33:18'),
(283, 123, 2, '2024-03-19 03:33:18', '2024-03-19 03:33:18'),
(284, 181, 2, '2024-03-19 03:33:18', '2024-03-19 03:33:18'),
(285, 225, 2, '2024-03-19 03:33:18', '2024-03-19 03:33:18'),
(286, 302, 1, '2024-03-19 03:33:18', '2024-03-19 03:33:18'),
(287, 293, 4, '2024-03-19 03:33:18', '2024-03-19 03:33:18'),
(288, 73, 1, '2024-03-19 03:33:18', '2024-03-19 03:33:18'),
(289, 44, 1, '2024-03-19 03:33:18', '2024-03-19 03:33:18'),
(290, 304, 1, '2024-03-19 03:33:18', '2024-03-19 03:33:18'),
(291, 212, 1, '2024-03-19 03:33:18', '2024-03-19 03:33:18'),
(292, 84, 3, '2024-03-19 03:33:18', '2024-03-19 03:33:18'),
(293, 276, 2, '2024-03-19 03:33:18', '2024-03-19 03:33:18'),
(294, 412, 4, '2024-03-19 03:33:18', '2024-03-19 03:33:18'),
(295, 289, 1, '2024-03-19 03:33:18', '2024-03-19 03:33:18'),
(296, 46, 3, '2024-03-19 03:33:18', '2024-03-19 03:33:18'),
(297, 262, 3, '2024-03-19 03:33:18', '2024-03-19 03:33:18'),
(298, 81, 4, '2024-03-19 03:33:18', '2024-03-19 03:33:18'),
(299, 400, 4, '2024-03-19 03:33:18', '2024-03-19 03:33:18'),
(300, 340, 1, '2024-03-19 03:33:18', '2024-03-19 03:33:18'),
(301, 54, 1, '2024-03-19 03:33:18', '2024-03-19 03:33:18'),
(302, 20, 4, '2024-03-19 03:33:18', '2024-03-19 03:33:18'),
(303, 402, 2, '2024-03-19 03:33:18', '2024-03-19 03:33:18'),
(304, 350, 1, '2024-03-19 03:33:18', '2024-03-19 03:33:18'),
(305, 147, 1, '2024-03-19 03:33:18', '2024-03-19 03:33:18'),
(306, 433, 3, '2024-03-19 03:33:18', '2024-03-19 03:33:18'),
(307, 261, 3, '2024-03-19 03:33:18', '2024-03-19 03:33:18'),
(308, 276, 2, '2024-03-19 03:33:18', '2024-03-19 03:33:18'),
(309, 2, 3, '2024-03-19 03:33:18', '2024-03-19 03:33:18'),
(310, 229, 4, '2024-03-19 03:33:18', '2024-03-19 03:33:18'),
(311, 294, 3, '2024-03-19 03:33:18', '2024-03-19 03:33:18'),
(312, 112, 2, '2024-03-19 03:33:18', '2024-03-19 03:33:18'),
(313, 365, 2, '2024-03-19 03:33:18', '2024-03-19 03:33:18'),
(314, 439, 3, '2024-03-19 03:33:18', '2024-03-19 03:33:18'),
(315, 49, 3, '2024-03-19 03:33:18', '2024-03-19 03:33:18'),
(316, 344, 3, '2024-03-19 03:33:18', '2024-03-19 03:33:18'),
(317, 219, 4, '2024-03-19 03:33:18', '2024-03-19 03:33:18'),
(318, 253, 4, '2024-03-19 03:33:18', '2024-03-19 03:33:18'),
(319, 182, 3, '2024-03-19 03:33:18', '2024-03-19 03:33:18'),
(320, 197, 2, '2024-03-19 03:33:18', '2024-03-19 03:33:18'),
(321, 93, 3, '2024-03-19 03:33:18', '2024-03-19 03:33:18'),
(322, 14, 1, '2024-03-19 03:33:18', '2024-03-19 03:33:18'),
(323, 108, 4, '2024-03-19 03:33:18', '2024-03-19 03:33:18'),
(324, 291, 1, '2024-03-19 03:33:18', '2024-03-19 03:33:18'),
(325, 70, 4, '2024-03-19 03:33:18', '2024-03-19 03:33:18'),
(326, 8, 4, '2024-03-19 03:33:18', '2024-03-19 03:33:18'),
(327, 259, 1, '2024-03-19 03:33:18', '2024-03-19 03:33:18'),
(328, 277, 4, '2024-03-19 03:33:18', '2024-03-19 03:33:18'),
(329, 175, 4, '2024-03-19 03:33:18', '2024-03-19 03:33:18'),
(330, 401, 4, '2024-03-19 03:33:18', '2024-03-19 03:33:18'),
(331, 82, 4, '2024-03-19 03:33:18', '2024-03-19 03:33:18'),
(332, 256, 3, '2024-03-19 03:33:18', '2024-03-19 03:33:18'),
(333, 248, 1, '2024-03-19 03:33:18', '2024-03-19 03:33:18'),
(334, 120, 2, '2024-03-19 03:33:18', '2024-03-19 03:33:18'),
(335, 41, 2, '2024-03-19 03:33:18', '2024-03-19 03:33:18'),
(336, 53, 3, '2024-03-19 03:33:18', '2024-03-19 03:33:18'),
(337, 333, 2, '2024-03-19 03:33:18', '2024-03-19 03:33:18'),
(338, 311, 3, '2024-03-19 03:33:18', '2024-03-19 03:33:18'),
(339, 284, 4, '2024-03-19 03:33:18', '2024-03-19 03:33:18'),
(340, 24, 2, '2024-03-19 03:33:18', '2024-03-19 03:33:18'),
(341, 206, 2, '2024-03-19 03:33:18', '2024-03-19 03:33:18'),
(342, 397, 4, '2024-03-19 03:33:18', '2024-03-19 03:33:18'),
(343, 285, 3, '2024-03-19 03:33:18', '2024-03-19 03:33:18'),
(344, 147, 4, '2024-03-19 03:33:18', '2024-03-19 03:33:18'),
(345, 5, 4, '2024-03-19 03:33:18', '2024-03-19 03:33:18'),
(346, 252, 4, '2024-03-19 03:33:18', '2024-03-19 03:33:18'),
(347, 441, 1, '2024-03-19 03:33:18', '2024-03-19 03:33:18'),
(348, 147, 4, '2024-03-19 03:33:18', '2024-03-19 03:33:18'),
(349, 203, 4, '2024-03-19 03:33:18', '2024-03-19 03:33:18'),
(350, 394, 3, '2024-03-19 03:33:18', '2024-03-19 03:33:18'),
(351, 424, 3, '2024-03-19 03:33:18', '2024-03-19 03:33:18'),
(352, 284, 3, '2024-03-19 03:33:18', '2024-03-19 03:33:18'),
(353, 39, 4, '2024-03-19 03:33:18', '2024-03-19 03:33:18'),
(354, 154, 2, '2024-03-19 03:33:18', '2024-03-19 03:33:18'),
(355, 353, 2, '2024-03-19 03:33:18', '2024-03-19 03:33:18'),
(356, 410, 1, '2024-03-19 03:33:18', '2024-03-19 03:33:18'),
(357, 288, 3, '2024-03-19 03:33:18', '2024-03-19 03:33:18'),
(358, 409, 3, '2024-03-19 03:33:18', '2024-03-19 03:33:18'),
(359, 73, 1, '2024-03-19 03:33:18', '2024-03-19 03:33:18'),
(360, 287, 4, '2024-03-19 03:33:18', '2024-03-19 03:33:18'),
(361, 110, 1, '2024-03-19 03:33:18', '2024-03-19 03:33:18'),
(362, 197, 3, '2024-03-19 03:33:18', '2024-03-19 03:33:18'),
(363, 197, 2, '2024-03-19 03:33:18', '2024-03-19 03:33:18'),
(364, 108, 3, '2024-03-19 03:33:18', '2024-03-19 03:33:18'),
(365, 260, 3, '2024-03-19 03:33:18', '2024-03-19 03:33:18'),
(366, 232, 2, '2024-03-19 03:33:18', '2024-03-19 03:33:18'),
(367, 336, 2, '2024-03-19 03:33:18', '2024-03-19 03:33:18'),
(368, 290, 3, '2024-03-19 03:33:18', '2024-03-19 03:33:18'),
(369, 448, 2, '2024-03-19 03:33:18', '2024-03-19 03:33:18'),
(370, 10, 4, '2024-03-19 03:33:18', '2024-03-19 03:33:18'),
(371, 404, 4, '2024-03-19 03:33:18', '2024-03-19 03:33:18'),
(372, 201, 4, '2024-03-19 03:33:18', '2024-03-19 03:33:18'),
(373, 279, 4, '2024-03-19 03:33:18', '2024-03-19 03:33:18'),
(374, 61, 3, '2024-03-19 03:33:18', '2024-03-19 03:33:18'),
(375, 272, 3, '2024-03-19 03:33:18', '2024-03-19 03:33:18'),
(376, 434, 4, '2024-03-19 03:33:18', '2024-03-19 03:33:18'),
(377, 138, 3, '2024-03-19 03:33:18', '2024-03-19 03:33:18'),
(378, 283, 3, '2024-03-19 03:33:18', '2024-03-19 03:33:18'),
(379, 389, 4, '2024-03-19 03:33:18', '2024-03-19 03:33:18'),
(380, 290, 1, '2024-03-19 03:33:18', '2024-03-19 03:33:18'),
(381, 160, 4, '2024-03-19 03:33:18', '2024-03-19 03:33:18'),
(382, 203, 1, '2024-03-19 03:33:18', '2024-03-19 03:33:18'),
(383, 56, 4, '2024-03-19 03:33:18', '2024-03-19 03:33:18'),
(384, 66, 1, '2024-03-19 03:33:18', '2024-03-19 03:33:18'),
(385, 65, 3, '2024-03-19 03:33:18', '2024-03-19 03:33:18'),
(386, 393, 1, '2024-03-19 03:33:18', '2024-03-19 03:33:18'),
(387, 160, 3, '2024-03-19 03:33:18', '2024-03-19 03:33:18'),
(388, 92, 2, '2024-03-19 03:33:18', '2024-03-19 03:33:18'),
(389, 151, 2, '2024-03-19 03:33:18', '2024-03-19 03:33:18'),
(390, 232, 2, '2024-03-19 03:33:18', '2024-03-19 03:33:18'),
(391, 326, 1, '2024-03-19 03:33:18', '2024-03-19 03:33:18'),
(392, 125, 2, '2024-03-19 03:33:18', '2024-03-19 03:33:18'),
(393, 413, 4, '2024-03-19 03:33:18', '2024-03-19 03:33:18'),
(394, 21, 3, '2024-03-19 03:33:18', '2024-03-19 03:33:18'),
(395, 19, 4, '2024-03-19 03:33:18', '2024-03-19 03:33:18'),
(396, 292, 1, '2024-03-19 03:33:18', '2024-03-19 03:33:18'),
(397, 155, 4, '2024-03-19 03:33:18', '2024-03-19 03:33:18'),
(398, 384, 1, '2024-03-19 03:33:18', '2024-03-19 03:33:18'),
(399, 306, 3, '2024-03-19 03:33:18', '2024-03-19 03:33:18'),
(400, 365, 1, '2024-03-19 03:33:18', '2024-03-19 03:33:18'),
(401, 303, 4, '2024-03-19 03:33:18', '2024-03-19 03:33:18'),
(402, 58, 3, '2024-03-19 03:33:18', '2024-03-19 03:33:18'),
(403, 219, 2, '2024-03-19 03:33:18', '2024-03-19 03:33:18'),
(404, 298, 2, '2024-03-19 03:33:18', '2024-03-19 03:33:18'),
(405, 301, 2, '2024-03-19 03:33:18', '2024-03-19 03:33:18'),
(406, 86, 4, '2024-03-19 03:33:18', '2024-03-19 03:33:18'),
(407, 426, 1, '2024-03-19 03:33:18', '2024-03-19 03:33:18'),
(408, 224, 3, '2024-03-19 03:33:18', '2024-03-19 03:33:18'),
(409, 424, 1, '2024-03-19 03:33:18', '2024-03-19 03:33:18'),
(410, 250, 1, '2024-03-19 03:33:18', '2024-03-19 03:33:18'),
(411, 144, 1, '2024-03-19 03:33:18', '2024-03-19 03:33:18'),
(412, 98, 4, '2024-03-19 03:33:18', '2024-03-19 03:33:18'),
(413, 397, 4, '2024-03-19 03:33:18', '2024-03-19 03:33:18'),
(414, 141, 1, '2024-03-19 03:33:18', '2024-03-19 03:33:18'),
(415, 17, 1, '2024-03-19 03:33:18', '2024-03-19 03:33:18'),
(416, 294, 4, '2024-03-19 03:33:18', '2024-03-19 03:33:18'),
(417, 20, 3, '2024-03-19 03:33:18', '2024-03-19 03:33:18'),
(418, 445, 4, '2024-03-19 03:33:18', '2024-03-19 03:33:18'),
(419, 191, 4, '2024-03-19 03:33:18', '2024-03-19 03:33:18'),
(420, 127, 2, '2024-03-19 03:33:18', '2024-03-19 03:33:18'),
(421, 357, 1, '2024-03-19 03:33:18', '2024-03-19 03:33:18'),
(422, 155, 1, '2024-03-19 03:33:18', '2024-03-19 03:33:18'),
(423, 106, 4, '2024-03-19 03:33:18', '2024-03-19 03:33:18'),
(424, 339, 3, '2024-03-19 03:33:18', '2024-03-19 03:33:18'),
(425, 58, 4, '2024-03-19 03:33:18', '2024-03-19 03:33:18'),
(426, 317, 1, '2024-03-19 03:33:18', '2024-03-19 03:33:18'),
(427, 90, 1, '2024-03-19 03:33:18', '2024-03-19 03:33:18'),
(428, 147, 1, '2024-03-19 03:33:18', '2024-03-19 03:33:18'),
(429, 285, 2, '2024-03-19 03:33:18', '2024-03-19 03:33:18'),
(430, 275, 4, '2024-03-19 03:33:18', '2024-03-19 03:33:18'),
(431, 322, 3, '2024-03-19 03:33:18', '2024-03-19 03:33:18'),
(432, 83, 3, '2024-03-19 03:33:18', '2024-03-19 03:33:18'),
(433, 52, 1, '2024-03-19 03:33:18', '2024-03-19 03:33:18'),
(434, 286, 2, '2024-03-19 03:33:18', '2024-03-19 03:33:18'),
(435, 383, 2, '2024-03-19 03:33:18', '2024-03-19 03:33:18'),
(436, 149, 1, '2024-03-19 03:33:18', '2024-03-19 03:33:18'),
(437, 59, 2, '2024-03-19 03:33:18', '2024-03-19 03:33:18'),
(438, 217, 2, '2024-03-19 03:33:18', '2024-03-19 03:33:18'),
(439, 210, 1, '2024-03-19 03:33:18', '2024-03-19 03:33:18'),
(440, 175, 4, '2024-03-19 03:33:18', '2024-03-19 03:33:18'),
(441, 448, 2, '2024-03-19 03:33:18', '2024-03-19 03:33:18'),
(442, 439, 3, '2024-03-19 03:33:18', '2024-03-19 03:33:18'),
(443, 273, 2, '2024-03-19 03:33:18', '2024-03-19 03:33:18'),
(444, 448, 2, '2024-03-19 03:33:18', '2024-03-19 03:33:18'),
(445, 283, 3, '2024-03-19 03:33:18', '2024-03-19 03:33:18'),
(446, 339, 4, '2024-03-19 03:33:18', '2024-03-19 03:33:18'),
(447, 183, 1, '2024-03-19 03:33:18', '2024-03-19 03:33:18'),
(448, 259, 1, '2024-03-19 03:33:18', '2024-03-19 03:33:18'),
(449, 196, 1, '2024-03-19 03:33:18', '2024-03-19 03:33:18'),
(450, 393, 4, '2024-03-19 03:33:18', '2024-03-19 03:33:18'),
(451, 10, 1, '2024-03-19 03:33:18', '2024-03-19 03:33:18'),
(452, 24, 4, '2024-03-19 03:33:18', '2024-03-19 03:33:18'),
(453, 326, 2, '2024-03-19 03:33:18', '2024-03-19 03:33:18'),
(454, 124, 2, '2024-03-19 03:33:18', '2024-03-19 03:33:18'),
(455, 332, 3, '2024-03-19 03:33:18', '2024-03-19 03:33:18'),
(456, 310, 2, '2024-03-19 03:33:18', '2024-03-19 03:33:18'),
(457, 81, 4, '2024-03-19 03:33:18', '2024-03-19 03:33:18'),
(458, 16, 3, '2024-03-19 03:33:18', '2024-03-19 03:33:18'),
(459, 364, 1, '2024-03-19 03:33:18', '2024-03-19 03:33:18'),
(460, 217, 3, '2024-03-19 03:33:18', '2024-03-19 03:33:18'),
(461, 214, 1, '2024-03-19 03:33:18', '2024-03-19 03:33:18'),
(462, 298, 4, '2024-03-19 03:33:18', '2024-03-19 03:33:18'),
(463, 326, 4, '2024-03-19 03:33:18', '2024-03-19 03:33:18'),
(464, 265, 2, '2024-03-19 03:33:18', '2024-03-19 03:33:18'),
(465, 131, 4, '2024-03-19 03:33:18', '2024-03-19 03:33:18'),
(466, 404, 1, '2024-03-19 03:33:18', '2024-03-19 03:33:18'),
(467, 173, 2, '2024-03-19 03:33:18', '2024-03-19 03:33:18'),
(468, 412, 2, '2024-03-19 03:33:18', '2024-03-19 03:33:18'),
(469, 422, 3, '2024-03-19 03:33:18', '2024-03-19 03:33:18'),
(470, 341, 1, '2024-03-19 03:33:18', '2024-03-19 03:33:18'),
(471, 312, 1, '2024-03-19 03:33:18', '2024-03-19 03:33:18'),
(472, 306, 2, '2024-03-19 03:33:18', '2024-03-19 03:33:18'),
(473, 192, 4, '2024-03-19 03:33:18', '2024-03-19 03:33:18'),
(474, 319, 4, '2024-03-19 03:33:18', '2024-03-19 03:33:18'),
(475, 379, 1, '2024-03-19 03:33:18', '2024-03-19 03:33:18'),
(476, 94, 4, '2024-03-19 03:33:18', '2024-03-19 03:33:18'),
(477, 152, 4, '2024-03-19 03:33:18', '2024-03-19 03:33:18'),
(478, 290, 1, '2024-03-19 03:33:18', '2024-03-19 03:33:18'),
(479, 203, 4, '2024-03-19 03:33:18', '2024-03-19 03:33:18'),
(480, 119, 2, '2024-03-19 03:33:18', '2024-03-19 03:33:18'),
(481, 100, 1, '2024-03-19 03:33:18', '2024-03-19 03:33:18'),
(482, 259, 4, '2024-03-19 03:33:18', '2024-03-19 03:33:18'),
(483, 176, 2, '2024-03-19 03:33:18', '2024-03-19 03:33:18'),
(484, 189, 2, '2024-03-19 03:33:18', '2024-03-19 03:33:18'),
(485, 57, 1, '2024-03-19 03:33:18', '2024-03-19 03:33:18'),
(486, 119, 2, '2024-03-19 03:33:18', '2024-03-19 03:33:18'),
(487, 125, 4, '2024-03-19 03:33:18', '2024-03-19 03:33:18'),
(488, 204, 1, '2024-03-19 03:33:18', '2024-03-19 03:33:18'),
(489, 92, 2, '2024-03-19 03:33:18', '2024-03-19 03:33:18'),
(490, 164, 2, '2024-03-19 03:33:18', '2024-03-19 03:33:18'),
(491, 285, 4, '2024-03-19 03:33:18', '2024-03-19 03:33:18'),
(492, 236, 3, '2024-03-19 03:33:18', '2024-03-19 03:33:18'),
(493, 111, 4, '2024-03-19 03:33:18', '2024-03-19 03:33:18'),
(494, 103, 1, '2024-03-19 03:33:18', '2024-03-19 03:33:18'),
(495, 10, 4, '2024-03-19 03:33:18', '2024-03-19 03:33:18'),
(496, 37, 4, '2024-03-19 03:33:18', '2024-03-19 03:33:18'),
(497, 321, 4, '2024-03-19 03:33:18', '2024-03-19 03:33:18'),
(498, 346, 2, '2024-03-19 03:33:18', '2024-03-19 03:33:18'),
(499, 371, 4, '2024-03-19 03:33:18', '2024-03-19 03:33:18'),
(500, 182, 2, '2024-03-19 03:33:18', '2024-03-19 03:33:18'),
(501, 196, 2, '2024-03-19 03:33:18', '2024-03-19 03:33:18'),
(502, 145, 1, '2024-03-19 03:33:18', '2024-03-19 03:33:18'),
(503, 415, 1, '2024-03-19 03:33:18', '2024-03-19 03:33:18'),
(504, 257, 1, '2024-03-19 03:33:18', '2024-03-19 03:33:18'),
(505, 339, 2, '2024-03-19 03:33:18', '2024-03-19 03:33:18'),
(506, 173, 3, '2024-03-19 03:33:18', '2024-03-19 03:33:18'),
(507, 190, 1, '2024-03-19 03:33:18', '2024-03-19 03:33:18'),
(508, 29, 4, '2024-03-19 03:33:18', '2024-03-19 03:33:18'),
(509, 417, 4, '2024-03-19 03:33:18', '2024-03-19 03:33:18'),
(510, 79, 2, '2024-03-19 03:33:18', '2024-03-19 03:33:18'),
(511, 151, 2, '2024-03-19 03:33:18', '2024-03-19 03:33:18'),
(512, 446, 2, '2024-03-19 03:33:18', '2024-03-19 03:33:18'),
(513, 117, 3, '2024-03-19 03:33:18', '2024-03-19 03:33:18'),
(514, 352, 2, '2024-03-19 03:33:18', '2024-03-19 03:33:18'),
(515, 243, 1, '2024-03-19 03:33:18', '2024-03-19 03:33:18'),
(516, 184, 4, '2024-03-19 03:33:18', '2024-03-19 03:33:18'),
(517, 153, 4, '2024-03-19 03:33:18', '2024-03-19 03:33:18'),
(518, 307, 2, '2024-03-19 03:33:18', '2024-03-19 03:33:18'),
(519, 164, 1, '2024-03-19 03:33:18', '2024-03-19 03:33:18'),
(520, 434, 4, '2024-03-19 03:33:18', '2024-03-19 03:33:18'),
(521, 321, 2, '2024-03-19 03:33:18', '2024-03-19 03:33:18'),
(522, 294, 3, '2024-03-19 03:33:18', '2024-03-19 03:33:18'),
(523, 129, 2, '2024-03-19 03:33:18', '2024-03-19 03:33:18'),
(524, 267, 2, '2024-03-19 03:33:18', '2024-03-19 03:33:18'),
(525, 364, 2, '2024-03-19 03:33:18', '2024-03-19 03:33:18'),
(526, 217, 4, '2024-03-19 03:33:18', '2024-03-19 03:33:18'),
(527, 172, 4, '2024-03-19 03:33:18', '2024-03-19 03:33:18'),
(528, 287, 4, '2024-03-19 03:33:18', '2024-03-19 03:33:18'),
(529, 179, 3, '2024-03-19 03:33:18', '2024-03-19 03:33:18'),
(530, 390, 3, '2024-03-19 03:33:18', '2024-03-19 03:33:18'),
(531, 151, 2, '2024-03-19 03:33:18', '2024-03-19 03:33:18'),
(532, 26, 1, '2024-03-19 03:33:18', '2024-03-19 03:33:18'),
(533, 55, 2, '2024-03-19 03:33:18', '2024-03-19 03:33:18'),
(534, 166, 3, '2024-03-19 03:33:18', '2024-03-19 03:33:18'),
(535, 243, 4, '2024-03-19 03:33:18', '2024-03-19 03:33:18'),
(536, 173, 1, '2024-03-19 03:33:18', '2024-03-19 03:33:18'),
(537, 245, 4, '2024-03-19 03:33:18', '2024-03-19 03:33:18'),
(538, 382, 2, '2024-03-19 03:33:18', '2024-03-19 03:33:18'),
(539, 34, 2, '2024-03-19 03:33:18', '2024-03-19 03:33:18'),
(540, 105, 2, '2024-03-19 03:33:18', '2024-03-19 03:33:18'),
(541, 367, 2, '2024-03-19 03:33:18', '2024-03-19 03:33:18'),
(542, 353, 4, '2024-03-19 03:33:18', '2024-03-19 03:33:18'),
(543, 370, 3, '2024-03-19 03:33:18', '2024-03-19 03:33:18'),
(544, 191, 3, '2024-03-19 03:33:18', '2024-03-19 03:33:18'),
(545, 174, 1, '2024-03-19 03:33:18', '2024-03-19 03:33:18'),
(546, 251, 3, '2024-03-19 03:33:18', '2024-03-19 03:33:18'),
(547, 411, 3, '2024-03-19 03:33:18', '2024-03-19 03:33:18'),
(548, 198, 1, '2024-03-19 03:33:18', '2024-03-19 03:33:18'),
(549, 333, 4, '2024-03-19 03:33:18', '2024-03-19 03:33:18'),
(550, 270, 3, '2024-03-19 03:33:18', '2024-03-19 03:33:18'),
(551, 22, 4, '2024-03-19 03:33:18', '2024-03-19 03:33:18'),
(552, 172, 1, '2024-03-19 03:33:18', '2024-03-19 03:33:18'),
(553, 44, 1, '2024-03-19 03:33:18', '2024-03-19 03:33:18'),
(554, 105, 1, '2024-03-19 03:33:18', '2024-03-19 03:33:18'),
(555, 28, 4, '2024-03-19 03:33:18', '2024-03-19 03:33:18'),
(556, 122, 2, '2024-03-19 03:33:18', '2024-03-19 03:33:18'),
(557, 2, 4, '2024-03-19 03:33:18', '2024-03-19 03:33:18'),
(558, 183, 4, '2024-03-19 03:33:18', '2024-03-19 03:33:18'),
(559, 386, 1, '2024-03-19 03:33:18', '2024-03-19 03:33:18'),
(560, 291, 2, '2024-03-19 03:33:18', '2024-03-19 03:33:18'),
(561, 393, 3, '2024-03-19 03:33:18', '2024-03-19 03:33:18'),
(562, 193, 4, '2024-03-19 03:33:18', '2024-03-19 03:33:18'),
(563, 360, 4, '2024-03-19 03:33:18', '2024-03-19 03:33:18'),
(564, 371, 3, '2024-03-19 03:33:18', '2024-03-19 03:33:18'),
(565, 179, 3, '2024-03-19 03:33:18', '2024-03-19 03:33:18'),
(566, 405, 3, '2024-03-19 03:33:18', '2024-03-19 03:33:18'),
(567, 158, 2, '2024-03-19 03:33:18', '2024-03-19 03:33:18'),
(568, 42, 2, '2024-03-19 03:33:18', '2024-03-19 03:33:18'),
(569, 24, 3, '2024-03-19 03:33:18', '2024-03-19 03:33:18'),
(570, 14, 1, '2024-03-19 03:33:18', '2024-03-19 03:33:18'),
(571, 238, 2, '2024-03-19 03:33:18', '2024-03-19 03:33:18'),
(572, 32, 1, '2024-03-19 03:33:18', '2024-03-19 03:33:18'),
(573, 430, 4, '2024-03-19 03:33:18', '2024-03-19 03:33:18'),
(574, 349, 1, '2024-03-19 03:33:18', '2024-03-19 03:33:18'),
(575, 250, 1, '2024-03-19 03:33:18', '2024-03-19 03:33:18'),
(576, 107, 2, '2024-03-19 03:33:18', '2024-03-19 03:33:18'),
(577, 280, 4, '2024-03-19 03:33:18', '2024-03-19 03:33:18'),
(578, 117, 2, '2024-03-19 03:33:18', '2024-03-19 03:33:18'),
(579, 190, 1, '2024-03-19 03:33:18', '2024-03-19 03:33:18'),
(580, 74, 2, '2024-03-19 03:33:18', '2024-03-19 03:33:18'),
(581, 350, 3, '2024-03-19 03:33:18', '2024-03-19 03:33:18'),
(582, 441, 1, '2024-03-19 03:33:18', '2024-03-19 03:33:18'),
(583, 348, 1, '2024-03-19 03:33:18', '2024-03-19 03:33:18'),
(584, 382, 2, '2024-03-19 03:33:18', '2024-03-19 03:33:18'),
(585, 331, 2, '2024-03-19 03:33:18', '2024-03-19 03:33:18'),
(586, 446, 4, '2024-03-19 03:33:18', '2024-03-19 03:33:18'),
(587, 245, 1, '2024-03-19 03:33:18', '2024-03-19 03:33:18'),
(588, 264, 1, '2024-03-19 03:33:18', '2024-03-19 03:33:18'),
(589, 348, 3, '2024-03-19 03:33:18', '2024-03-19 03:33:18'),
(590, 100, 2, '2024-03-19 03:33:18', '2024-03-19 03:33:18'),
(591, 172, 3, '2024-03-19 03:33:18', '2024-03-19 03:33:18'),
(592, 422, 3, '2024-03-19 03:33:18', '2024-03-19 03:33:18'),
(593, 366, 1, '2024-03-19 03:33:18', '2024-03-19 03:33:18'),
(594, 236, 1, '2024-03-19 03:33:18', '2024-03-19 03:33:18'),
(595, 338, 2, '2024-03-19 03:33:18', '2024-03-19 03:33:18'),
(596, 195, 1, '2024-03-19 03:33:18', '2024-03-19 03:33:18'),
(597, 394, 2, '2024-03-19 03:33:18', '2024-03-19 03:33:18'),
(598, 358, 1, '2024-03-19 03:33:18', '2024-03-19 03:33:18'),
(599, 283, 2, '2024-03-19 03:33:18', '2024-03-19 03:33:18'),
(600, 223, 1, '2024-03-19 03:33:18', '2024-03-19 03:33:18'),
(601, 65, 4, '2024-03-19 03:33:18', '2024-03-19 03:33:18'),
(602, 156, 1, '2024-03-19 03:33:18', '2024-03-19 03:33:18'),
(603, 164, 3, '2024-03-19 03:33:18', '2024-03-19 03:33:18'),
(604, 109, 1, '2024-03-19 03:33:18', '2024-03-19 03:33:18'),
(605, 446, 2, '2024-03-19 03:33:18', '2024-03-19 03:33:18'),
(606, 175, 4, '2024-03-19 03:33:18', '2024-03-19 03:33:18'),
(607, 28, 2, '2024-03-19 03:33:18', '2024-03-19 03:33:18'),
(608, 133, 2, '2024-03-19 03:33:18', '2024-03-19 03:33:18'),
(609, 193, 3, '2024-03-19 03:33:18', '2024-03-19 03:33:18'),
(610, 356, 1, '2024-03-19 03:33:18', '2024-03-19 03:33:18'),
(611, 46, 4, '2024-03-19 03:33:18', '2024-03-19 03:33:18'),
(612, 79, 3, '2024-03-19 03:33:18', '2024-03-19 03:33:18'),
(613, 235, 2, '2024-03-19 03:33:18', '2024-03-19 03:33:18'),
(614, 334, 4, '2024-03-19 03:33:18', '2024-03-19 03:33:18'),
(615, 155, 3, '2024-03-19 03:33:18', '2024-03-19 03:33:18'),
(616, 381, 2, '2024-03-19 03:33:18', '2024-03-19 03:33:18'),
(617, 449, 4, '2024-03-19 03:33:18', '2024-03-19 03:33:18'),
(618, 242, 1, '2024-03-19 03:33:18', '2024-03-19 03:33:18'),
(619, 268, 1, '2024-03-19 03:33:18', '2024-03-19 03:33:18'),
(620, 116, 4, '2024-03-19 03:33:18', '2024-03-19 03:33:18'),
(621, 395, 1, '2024-03-19 03:33:18', '2024-03-19 03:33:18'),
(622, 407, 1, '2024-03-19 03:33:18', '2024-03-19 03:33:18'),
(623, 384, 3, '2024-03-19 03:33:18', '2024-03-19 03:33:18'),
(624, 124, 2, '2024-03-19 03:33:18', '2024-03-19 03:33:18'),
(625, 342, 3, '2024-03-19 03:33:18', '2024-03-19 03:33:18'),
(626, 57, 3, '2024-03-19 03:33:18', '2024-03-19 03:33:18'),
(627, 214, 4, '2024-03-19 03:33:18', '2024-03-19 03:33:18'),
(628, 405, 4, '2024-03-19 03:33:18', '2024-03-19 03:33:18'),
(629, 77, 1, '2024-03-19 03:33:18', '2024-03-19 03:33:18'),
(630, 229, 3, '2024-03-19 03:33:18', '2024-03-19 03:33:18'),
(631, 208, 4, '2024-03-19 03:33:18', '2024-03-19 03:33:18'),
(632, 2, 2, '2024-03-19 03:33:18', '2024-03-19 03:33:18'),
(633, 200, 2, '2024-03-19 03:33:18', '2024-03-19 03:33:18'),
(634, 233, 1, '2024-03-19 03:33:18', '2024-03-19 03:33:18'),
(635, 405, 3, '2024-03-19 03:33:18', '2024-03-19 03:33:18'),
(636, 425, 3, '2024-03-19 03:33:18', '2024-03-19 03:33:18'),
(637, 164, 2, '2024-03-19 03:33:18', '2024-03-19 03:33:18'),
(638, 113, 3, '2024-03-19 03:33:18', '2024-03-19 03:33:18'),
(639, 119, 4, '2024-03-19 03:33:18', '2024-03-19 03:33:18'),
(640, 90, 3, '2024-03-19 03:33:18', '2024-03-19 03:33:18'),
(641, 314, 4, '2024-03-19 03:33:18', '2024-03-19 03:33:18'),
(642, 379, 3, '2024-03-19 03:33:18', '2024-03-19 03:33:18'),
(643, 81, 2, '2024-03-19 03:33:18', '2024-03-19 03:33:18'),
(644, 80, 4, '2024-03-19 03:33:18', '2024-03-19 03:33:18'),
(645, 448, 2, '2024-03-19 03:33:18', '2024-03-19 03:33:18'),
(646, 269, 3, '2024-03-19 03:33:18', '2024-03-19 03:33:18'),
(647, 107, 3, '2024-03-19 03:33:18', '2024-03-19 03:33:18'),
(648, 228, 1, '2024-03-19 03:33:18', '2024-03-19 03:33:18'),
(649, 34, 2, '2024-03-19 03:33:18', '2024-03-19 03:33:18'),
(650, 119, 4, '2024-03-19 03:33:18', '2024-03-19 03:33:18'),
(651, 218, 1, '2024-03-19 03:33:18', '2024-03-19 03:33:18'),
(652, 155, 2, '2024-03-19 03:33:18', '2024-03-19 03:33:18'),
(653, 287, 4, '2024-03-19 03:33:18', '2024-03-19 03:33:18'),
(654, 292, 3, '2024-03-19 03:33:18', '2024-03-19 03:33:18'),
(655, 103, 1, '2024-03-19 03:33:18', '2024-03-19 03:33:18'),
(656, 347, 2, '2024-03-19 03:33:18', '2024-03-19 03:33:18'),
(657, 31, 2, '2024-03-19 03:33:18', '2024-03-19 03:33:18'),
(658, 324, 1, '2024-03-19 03:33:18', '2024-03-19 03:33:18'),
(659, 229, 3, '2024-03-19 03:33:18', '2024-03-19 03:33:18'),
(660, 262, 4, '2024-03-19 03:33:18', '2024-03-19 03:33:18'),
(661, 17, 1, '2024-03-19 03:33:18', '2024-03-19 03:33:18'),
(662, 22, 3, '2024-03-19 03:33:18', '2024-03-19 03:33:18'),
(663, 82, 3, '2024-03-19 03:33:18', '2024-03-19 03:33:18'),
(664, 375, 2, '2024-03-19 03:33:18', '2024-03-19 03:33:18'),
(665, 162, 2, '2024-03-19 03:33:18', '2024-03-19 03:33:18'),
(666, 101, 3, '2024-03-19 03:33:18', '2024-03-19 03:33:18'),
(667, 440, 3, '2024-03-19 03:33:18', '2024-03-19 03:33:18'),
(668, 293, 3, '2024-03-19 03:33:18', '2024-03-19 03:33:18'),
(669, 109, 4, '2024-03-19 03:33:18', '2024-03-19 03:33:18'),
(670, 371, 2, '2024-03-19 03:33:18', '2024-03-19 03:33:18'),
(671, 104, 4, '2024-03-19 03:33:18', '2024-03-19 03:33:18'),
(672, 274, 1, '2024-03-19 03:33:18', '2024-03-19 03:33:18'),
(673, 187, 2, '2024-03-19 03:33:18', '2024-03-19 03:33:18'),
(674, 20, 1, '2024-03-19 03:33:18', '2024-03-19 03:33:18'),
(675, 149, 2, '2024-03-19 03:33:18', '2024-03-19 03:33:18'),
(676, 158, 2, '2024-03-19 03:33:18', '2024-03-19 03:33:18'),
(677, 117, 4, '2024-03-19 03:33:18', '2024-03-19 03:33:18'),
(678, 198, 4, '2024-03-19 03:33:18', '2024-03-19 03:33:18'),
(679, 317, 1, '2024-03-19 03:33:18', '2024-03-19 03:33:18'),
(680, 85, 4, '2024-03-19 03:33:18', '2024-03-19 03:33:18'),
(681, 178, 3, '2024-03-19 03:33:18', '2024-03-19 03:33:18'),
(682, 19, 1, '2024-03-19 03:33:18', '2024-03-19 03:33:18'),
(683, 417, 1, '2024-03-19 03:33:18', '2024-03-19 03:33:18'),
(684, 235, 3, '2024-03-19 03:33:18', '2024-03-19 03:33:18'),
(685, 259, 4, '2024-03-19 03:33:18', '2024-03-19 03:33:18'),
(686, 8, 1, '2024-03-19 03:33:18', '2024-03-19 03:33:18'),
(687, 218, 3, '2024-03-19 03:33:18', '2024-03-19 03:33:18'),
(688, 198, 2, '2024-03-19 03:33:18', '2024-03-19 03:33:18'),
(689, 137, 3, '2024-03-19 03:33:18', '2024-03-19 03:33:18'),
(690, 439, 2, '2024-03-19 03:33:18', '2024-03-19 03:33:18'),
(691, 196, 1, '2024-03-19 03:33:18', '2024-03-19 03:33:18'),
(692, 3, 4, '2024-03-19 03:33:18', '2024-03-19 03:33:18'),
(693, 138, 4, '2024-03-19 03:33:18', '2024-03-19 03:33:18'),
(694, 103, 1, '2024-03-19 03:33:18', '2024-03-19 03:33:18'),
(695, 356, 1, '2024-03-19 03:33:18', '2024-03-19 03:33:18'),
(696, 306, 2, '2024-03-19 03:33:18', '2024-03-19 03:33:18'),
(697, 122, 4, '2024-03-19 03:33:18', '2024-03-19 03:33:18'),
(698, 167, 4, '2024-03-19 03:33:18', '2024-03-19 03:33:18'),
(699, 67, 1, '2024-03-19 03:33:18', '2024-03-19 03:33:18'),
(700, 146, 4, '2024-03-19 03:33:18', '2024-03-19 03:33:18');

-- --------------------------------------------------------

--
-- Table structure for table `failed_jobs`
--

CREATE TABLE `failed_jobs` (
  `id` bigint UNSIGNED NOT NULL,
  `uuid` varchar(255) COLLATE utf8mb4_unicode_ci NOT NULL,
  `connection` text COLLATE utf8mb4_unicode_ci NOT NULL,
  `queue` text COLLATE utf8mb4_unicode_ci NOT NULL,
  `payload` longtext COLLATE utf8mb4_unicode_ci NOT NULL,
  `exception` longtext COLLATE utf8mb4_unicode_ci NOT NULL,
  `failed_at` timestamp NOT NULL DEFAULT CURRENT_TIMESTAMP
) ENGINE=InnoDB DEFAULT CHARSET=utf8mb4 COLLATE=utf8mb4_unicode_ci;

-- --------------------------------------------------------

--
-- Table structure for table `jobs`
--

CREATE TABLE `jobs` (
  `id` bigint UNSIGNED NOT NULL,
  `queue` varchar(255) COLLATE utf8mb4_unicode_ci NOT NULL,
  `payload` longtext COLLATE utf8mb4_unicode_ci NOT NULL,
  `attempts` tinyint UNSIGNED NOT NULL,
  `reserved_at` int UNSIGNED DEFAULT NULL,
  `available_at` int UNSIGNED NOT NULL,
  `created_at` int UNSIGNED NOT NULL
) ENGINE=InnoDB DEFAULT CHARSET=utf8mb4 COLLATE=utf8mb4_unicode_ci;

-- --------------------------------------------------------

--
-- Table structure for table `job_batches`
--

CREATE TABLE `job_batches` (
  `id` varchar(255) COLLATE utf8mb4_unicode_ci NOT NULL,
  `name` varchar(255) COLLATE utf8mb4_unicode_ci NOT NULL,
  `total_jobs` int NOT NULL,
  `pending_jobs` int NOT NULL,
  `failed_jobs` int NOT NULL,
  `failed_job_ids` longtext COLLATE utf8mb4_unicode_ci NOT NULL,
  `options` mediumtext COLLATE utf8mb4_unicode_ci,
  `cancelled_at` int DEFAULT NULL,
  `created_at` int NOT NULL,
  `finished_at` int DEFAULT NULL
) ENGINE=InnoDB DEFAULT CHARSET=utf8mb4 COLLATE=utf8mb4_unicode_ci;

-- --------------------------------------------------------

--
-- Table structure for table `migrations`
--

CREATE TABLE `migrations` (
  `id` int UNSIGNED NOT NULL,
  `migration` varchar(255) COLLATE utf8mb4_unicode_ci NOT NULL,
  `batch` int NOT NULL
) ENGINE=InnoDB DEFAULT CHARSET=utf8mb4 COLLATE=utf8mb4_unicode_ci;

--
-- Dumping data for table `migrations`
--

INSERT INTO `migrations` (`id`, `migration`, `batch`) VALUES
(1, '0001_01_01_000000_create_users_table', 1),
(2, '0001_01_01_000001_create_cache_table', 1),
(3, '0001_01_01_000002_create_jobs_table', 1),
(4, '2024_03_19_083441_create_courses_table', 1),
(5, '2024_03_19_084248_create_batches_table', 1),
(6, '2024_03_19_092637_create_students_table', 1),
(7, '2024_03_19_101625_create_enrollments_table', 1);

-- --------------------------------------------------------

--
-- Table structure for table `password_reset_tokens`
--

CREATE TABLE `password_reset_tokens` (
  `email` varchar(255) COLLATE utf8mb4_unicode_ci NOT NULL,
  `token` varchar(255) COLLATE utf8mb4_unicode_ci NOT NULL,
  `created_at` timestamp NULL DEFAULT NULL
) ENGINE=InnoDB DEFAULT CHARSET=utf8mb4 COLLATE=utf8mb4_unicode_ci;

-- --------------------------------------------------------

--
-- Table structure for table `sessions`
--

CREATE TABLE `sessions` (
  `id` varchar(255) COLLATE utf8mb4_unicode_ci NOT NULL,
  `user_id` bigint UNSIGNED DEFAULT NULL,
  `ip_address` varchar(45) COLLATE utf8mb4_unicode_ci DEFAULT NULL,
  `user_agent` text COLLATE utf8mb4_unicode_ci,
  `payload` longtext COLLATE utf8mb4_unicode_ci NOT NULL,
  `last_activity` int NOT NULL
) ENGINE=InnoDB DEFAULT CHARSET=utf8mb4 COLLATE=utf8mb4_unicode_ci;

-- --------------------------------------------------------

--
-- Table structure for table `students`
--

CREATE TABLE `students` (
  `id` bigint UNSIGNED NOT NULL,
  `name` varchar(255) COLLATE utf8mb4_unicode_ci NOT NULL,
  `gender` enum('male','female') COLLATE utf8mb4_unicode_ci NOT NULL,
  `date_of_birth` date NOT NULL,
  `age` int NOT NULL,
  `nationality` enum('mm','kr','jp','th','ch') COLLATE utf8mb4_unicode_ci NOT NULL,
  `pocket_money` int NOT NULL,
  `created_at` timestamp NULL DEFAULT NULL,
  `updated_at` timestamp NULL DEFAULT NULL
) ENGINE=InnoDB DEFAULT CHARSET=utf8mb4 COLLATE=utf8mb4_unicode_ci;

--
-- Dumping data for table `students`
--

INSERT INTO `students` (`id`, `name`, `gender`, `date_of_birth`, `age`, `nationality`, `pocket_money`, `created_at`, `updated_at`) VALUES
(1, 'Willard Leuschke', 'male', '2005-09-03', 18, 'ch', 885, '2024-03-19 03:33:17', '2024-03-19 03:33:17'),
(2, 'Bartholome Langosh', 'male', '2010-03-04', 14, 'ch', 151, '2024-03-19 03:33:17', '2024-03-19 03:33:17'),
(3, 'Gwendolyn Pagac', 'male', '2013-08-05', 10, 'th', 981, '2024-03-19 03:33:17', '2024-03-19 03:33:17'),
(4, 'Ottis Predovic', 'female', '2008-07-05', 15, 'kr', 855, '2024-03-19 03:33:17', '2024-03-19 03:33:17'),
(5, 'Keanu Lubowitz', 'female', '2012-12-15', 11, 'jp', 812, '2024-03-19 03:33:17', '2024-03-19 03:33:17'),
(6, 'Gaston Borer', 'female', '2004-05-31', 19, 'ch', 485, '2024-03-19 03:33:17', '2024-03-19 03:33:17'),
(7, 'Terrill Cronin IV', 'male', '2011-09-26', 12, 'kr', 728, '2024-03-19 03:33:17', '2024-03-19 03:33:17'),
(8, 'Ophelia Walker', 'male', '2006-03-22', 17, 'ch', 626, '2024-03-19 03:33:17', '2024-03-19 03:33:17'),
(9, 'Ryleigh Schiller', 'male', '2013-10-22', 10, 'mm', 371, '2024-03-19 03:33:17', '2024-03-19 03:33:17'),
(10, 'Gerardo Kertzmann', 'male', '2007-12-22', 16, 'mm', 265, '2024-03-19 03:33:17', '2024-03-19 03:33:17'),
(11, 'Erwin O\'Keefe IV', 'female', '2008-11-19', 15, 'kr', 646, '2024-03-19 03:33:17', '2024-03-19 03:33:17'),
(12, 'Dr. Javier Douglas', 'male', '2011-03-13', 13, 'ch', 495, '2024-03-19 03:33:17', '2024-03-19 03:33:17'),
(13, 'Dr. Alfredo Boehm', 'male', '2008-04-19', 15, 'mm', 418, '2024-03-19 03:33:17', '2024-03-19 03:33:17'),
(14, 'Mr. Tyshawn Runolfsson III', 'male', '2007-11-20', 16, 'ch', 402, '2024-03-19 03:33:17', '2024-03-19 03:33:17'),
(15, 'Pearl Langworth', 'female', '2010-11-21', 13, 'kr', 501, '2024-03-19 03:33:17', '2024-03-19 03:33:17'),
(16, 'Gerry Nicolas IV', 'female', '2008-06-08', 15, 'mm', 868, '2024-03-19 03:33:17', '2024-03-19 03:33:17'),
(17, 'Selina Homenick', 'female', '2012-02-26', 12, 'jp', 465, '2024-03-19 03:33:17', '2024-03-19 03:33:17'),
(18, 'Mrs. Carlee Bergstrom', 'female', '2006-12-21', 17, 'kr', 307, '2024-03-19 03:33:17', '2024-03-19 03:33:17'),
(19, 'Kane Crona I', 'male', '2010-04-21', 13, 'jp', 998, '2024-03-19 03:33:17', '2024-03-19 03:33:17'),
(20, 'Rosemary Paucek', 'male', '2006-06-04', 17, 'ch', 649, '2024-03-19 03:33:17', '2024-03-19 03:33:17'),
(21, 'Gerard Fritsch', 'female', '2006-03-11', 18, 'jp', 851, '2024-03-19 03:33:17', '2024-03-19 03:33:17'),
(22, 'Hosea Schamberger', 'female', '2009-02-25', 15, 'jp', 715, '2024-03-19 03:33:17', '2024-03-19 03:33:17'),
(23, 'Dr. Friedrich Christiansen Sr.', 'male', '2007-06-12', 16, 'jp', 759, '2024-03-19 03:33:17', '2024-03-19 03:33:17'),
(24, 'Kirstin Dickens', 'male', '2013-03-23', 10, 'jp', 720, '2024-03-19 03:33:17', '2024-03-19 03:33:17'),
(25, 'Savanna Konopelski', 'female', '2010-12-26', 13, 'kr', 375, '2024-03-19 03:33:17', '2024-03-19 03:33:17'),
(26, 'Jacky Donnelly', 'male', '2007-11-07', 16, 'mm', 252, '2024-03-19 03:33:17', '2024-03-19 03:33:17'),
(27, 'Maya Pouros', 'female', '2005-07-12', 18, 'jp', 654, '2024-03-19 03:33:17', '2024-03-19 03:33:17'),
(28, 'Earlene Wintheiser', 'male', '2013-04-04', 10, 'th', 134, '2024-03-19 03:33:17', '2024-03-19 03:33:17'),
(29, 'Keely Hansen', 'female', '2012-05-26', 11, 'mm', 786, '2024-03-19 03:33:17', '2024-03-19 03:33:17'),
(30, 'Ms. Abbie Leannon', 'female', '2008-10-03', 15, 'jp', 690, '2024-03-19 03:33:17', '2024-03-19 03:33:17'),
(31, 'Prof. Brook Mills III', 'female', '2011-03-31', 12, 'jp', 793, '2024-03-19 03:33:17', '2024-03-19 03:33:17'),
(32, 'Dr. Effie Stoltenberg II', 'female', '2010-03-19', 14, 'jp', 670, '2024-03-19 03:33:17', '2024-03-19 03:33:17'),
(33, 'Samanta Ferry', 'male', '2011-01-27', 13, 'ch', 730, '2024-03-19 03:33:17', '2024-03-19 03:33:17'),
(34, 'Prof. Amari Stanton', 'male', '2012-04-09', 11, 'kr', 253, '2024-03-19 03:33:17', '2024-03-19 03:33:17'),
(35, 'Doug Lowe MD', 'female', '2012-04-17', 11, 'ch', 362, '2024-03-19 03:33:17', '2024-03-19 03:33:17'),
(36, 'Ewell Ortiz II', 'male', '2009-03-17', 15, 'mm', 448, '2024-03-19 03:33:17', '2024-03-19 03:33:17'),
(37, 'Theodore Treutel IV', 'male', '2013-11-07', 10, 'ch', 716, '2024-03-19 03:33:17', '2024-03-19 03:33:17'),
(38, 'Litzy Bradtke', 'female', '2012-10-14', 11, 'ch', 509, '2024-03-19 03:33:17', '2024-03-19 03:33:17'),
(39, 'Ada Rohan', 'male', '2007-08-03', 16, 'mm', 543, '2024-03-19 03:33:17', '2024-03-19 03:33:17'),
(40, 'Niko Sauer', 'male', '2005-02-05', 19, 'mm', 144, '2024-03-19 03:33:17', '2024-03-19 03:33:17'),
(41, 'Mr. Ferne McCullough V', 'female', '2012-08-15', 11, 'mm', 874, '2024-03-19 03:33:17', '2024-03-19 03:33:17'),
(42, 'Noble Bins', 'male', '2006-11-06', 17, 'ch', 278, '2024-03-19 03:33:17', '2024-03-19 03:33:17'),
(43, 'Merle Pfannerstill DVM', 'male', '2011-03-06', 13, 'jp', 324, '2024-03-19 03:33:17', '2024-03-19 03:33:17'),
(44, 'Prof. Mariela Adams IV', 'female', '2007-11-22', 16, 'kr', 398, '2024-03-19 03:33:17', '2024-03-19 03:33:17'),
(45, 'Prof. Neha Moen Jr.', 'female', '2006-07-22', 17, 'mm', 517, '2024-03-19 03:33:17', '2024-03-19 03:33:17'),
(46, 'Cathryn Kassulke', 'male', '2012-04-26', 11, 'kr', 420, '2024-03-19 03:33:17', '2024-03-19 03:33:17'),
(47, 'Mrs. Era Blanda', 'female', '2011-04-19', 12, 'mm', 781, '2024-03-19 03:33:17', '2024-03-19 03:33:17'),
(48, 'Mr. Cornell Kemmer', 'male', '2009-05-02', 14, 'mm', 734, '2024-03-19 03:33:17', '2024-03-19 03:33:17'),
(49, 'Jayden Adams', 'male', '2005-05-23', 18, 'kr', 720, '2024-03-19 03:33:17', '2024-03-19 03:33:17'),
(50, 'Mrs. Allison Kerluke Sr.', 'male', '2012-05-25', 11, 'ch', 350, '2024-03-19 03:33:17', '2024-03-19 03:33:17'),
(51, 'Prof. Melisa Auer', 'female', '2007-09-16', 16, 'ch', 370, '2024-03-19 03:33:17', '2024-03-19 03:33:17'),
(52, 'Velma Bartell', 'male', '2009-05-24', 14, 'ch', 337, '2024-03-19 03:33:17', '2024-03-19 03:33:17'),
(53, 'Cayla Predovic', 'female', '2005-06-01', 18, 'jp', 164, '2024-03-19 03:33:17', '2024-03-19 03:33:17'),
(54, 'Augustine Haley', 'female', '2010-06-05', 13, 'jp', 856, '2024-03-19 03:33:17', '2024-03-19 03:33:17'),
(55, 'Jakob McLaughlin', 'male', '2011-06-07', 12, 'jp', 810, '2024-03-19 03:33:17', '2024-03-19 03:33:17'),
(56, 'Gerardo Dietrich I', 'female', '2010-11-14', 13, 'ch', 822, '2024-03-19 03:33:17', '2024-03-19 03:33:17'),
(57, 'Sallie Bechtelar DVM', 'male', '2010-12-09', 13, 'jp', 745, '2024-03-19 03:33:17', '2024-03-19 03:33:17'),
(58, 'Ms. Rachelle Metz', 'male', '2013-01-03', 11, 'mm', 264, '2024-03-19 03:33:17', '2024-03-19 03:33:17'),
(59, 'Tony Okuneva', 'male', '2012-01-21', 12, 'th', 226, '2024-03-19 03:33:17', '2024-03-19 03:33:17'),
(60, 'Tony Hermiston', 'male', '2014-02-15', 10, 'kr', 877, '2024-03-19 03:33:17', '2024-03-19 03:33:17'),
(61, 'Cesar Kirlin', 'male', '2008-01-10', 16, 'mm', 202, '2024-03-19 03:33:17', '2024-03-19 03:33:17'),
(62, 'Constance McGlynn', 'male', '2013-08-12', 10, 'ch', 307, '2024-03-19 03:33:17', '2024-03-19 03:33:17'),
(63, 'Prof. Enrico Cole IV', 'male', '2009-07-24', 14, 'mm', 689, '2024-03-19 03:33:17', '2024-03-19 03:33:17'),
(64, 'Erika Crona', 'female', '2004-09-06', 19, 'th', 902, '2024-03-19 03:33:17', '2024-03-19 03:33:17'),
(65, 'Rosalia Beatty', 'male', '2004-10-27', 19, 'mm', 399, '2024-03-19 03:33:17', '2024-03-19 03:33:17'),
(66, 'Clinton Huels Jr.', 'male', '2012-10-01', 11, 'kr', 483, '2024-03-19 03:33:17', '2024-03-19 03:33:17'),
(67, 'Lance Raynor V', 'male', '2006-03-01', 18, 'jp', 597, '2024-03-19 03:33:17', '2024-03-19 03:33:17'),
(68, 'Miss Agnes Christiansen', 'female', '2008-02-22', 16, 'mm', 443, '2024-03-19 03:33:17', '2024-03-19 03:33:17'),
(69, 'Elaina Grant', 'male', '2005-09-04', 18, 'mm', 155, '2024-03-19 03:33:17', '2024-03-19 03:33:17'),
(70, 'Prof. Tommie Wolf V', 'male', '2012-11-17', 11, 'mm', 988, '2024-03-19 03:33:17', '2024-03-19 03:33:17'),
(71, 'Maryam Gleason MD', 'male', '2012-01-05', 12, 'ch', 391, '2024-03-19 03:33:17', '2024-03-19 03:33:17'),
(72, 'Camille Hansen', 'female', '2013-03-09', 11, 'kr', 349, '2024-03-19 03:33:17', '2024-03-19 03:33:17'),
(73, 'Anabelle Walsh II', 'male', '2008-01-25', 16, 'th', 173, '2024-03-19 03:33:17', '2024-03-19 03:33:17'),
(74, 'Maryjane Larkin', 'male', '2011-07-25', 12, 'kr', 645, '2024-03-19 03:33:17', '2024-03-19 03:33:17'),
(75, 'Estelle Glover', 'male', '2004-06-07', 19, 'jp', 840, '2024-03-19 03:33:17', '2024-03-19 03:33:17'),
(76, 'Jennifer Wehner', 'male', '2005-04-17', 18, 'mm', 546, '2024-03-19 03:33:17', '2024-03-19 03:33:17'),
(77, 'Miss Kailee Langworth', 'female', '2014-03-13', 10, 'jp', 619, '2024-03-19 03:33:17', '2024-03-19 03:33:17'),
(78, 'Velma Prosacco DVM', 'female', '2004-07-16', 19, 'kr', 434, '2024-03-19 03:33:17', '2024-03-19 03:33:17'),
(79, 'Lina Harber', 'female', '2013-11-08', 10, 'mm', 938, '2024-03-19 03:33:17', '2024-03-19 03:33:17'),
(80, 'Vada Auer', 'male', '2009-05-02', 14, 'mm', 656, '2024-03-19 03:33:17', '2024-03-19 03:33:17'),
(81, 'Margie Pfeffer Jr.', 'female', '2007-09-25', 16, 'kr', 483, '2024-03-19 03:33:17', '2024-03-19 03:33:17'),
(82, 'Prof. Damaris Bartoletti Jr.', 'male', '2010-05-29', 13, 'kr', 995, '2024-03-19 03:33:17', '2024-03-19 03:33:17'),
(83, 'Dorothea Heller', 'female', '2013-01-09', 11, 'mm', 109, '2024-03-19 03:33:17', '2024-03-19 03:33:17'),
(84, 'Giovanni Kohler', 'female', '2012-07-05', 11, 'mm', 480, '2024-03-19 03:33:17', '2024-03-19 03:33:17'),
(85, 'Ms. Margaretta Mraz Jr.', 'female', '2012-08-17', 11, 'th', 589, '2024-03-19 03:33:17', '2024-03-19 03:33:17'),
(86, 'Prof. Walter Corkery PhD', 'female', '2010-08-02', 13, 'mm', 838, '2024-03-19 03:33:17', '2024-03-19 03:33:17'),
(87, 'Osvaldo Feest', 'female', '2008-05-12', 15, 'ch', 128, '2024-03-19 03:33:17', '2024-03-19 03:33:17'),
(88, 'Gladys Quitzon', 'female', '2006-06-07', 17, 'ch', 804, '2024-03-19 03:33:17', '2024-03-19 03:33:17'),
(89, 'Imelda Brown', 'male', '2006-07-14', 17, 'th', 941, '2024-03-19 03:33:17', '2024-03-19 03:33:17'),
(90, 'Cierra Reynolds', 'female', '2007-08-14', 16, 'jp', 157, '2024-03-19 03:33:17', '2024-03-19 03:33:17'),
(91, 'Alda Thiel MD', 'male', '2009-01-08', 15, 'mm', 973, '2024-03-19 03:33:17', '2024-03-19 03:33:17'),
(92, 'Elian Block', 'female', '2007-09-10', 16, 'th', 845, '2024-03-19 03:33:17', '2024-03-19 03:33:17'),
(93, 'Ismael Runte', 'female', '2013-05-11', 10, 'kr', 748, '2024-03-19 03:33:17', '2024-03-19 03:33:17'),
(94, 'Leonardo Kuphal', 'female', '2013-09-30', 10, 'kr', 306, '2024-03-19 03:33:17', '2024-03-19 03:33:17'),
(95, 'Anika Funk', 'female', '2012-09-01', 11, 'ch', 361, '2024-03-19 03:33:17', '2024-03-19 03:33:17'),
(96, 'Adela Gerhold', 'female', '2007-12-14', 16, 'jp', 473, '2024-03-19 03:33:17', '2024-03-19 03:33:17'),
(97, 'Mr. Ike Sanford Jr.', 'female', '2004-09-29', 19, 'mm', 790, '2024-03-19 03:33:17', '2024-03-19 03:33:17'),
(98, 'Ms. Madisyn Bednar', 'male', '2013-04-03', 10, 'jp', 687, '2024-03-19 03:33:17', '2024-03-19 03:33:17'),
(99, 'Nettie Renner', 'male', '2006-06-13', 17, 'kr', 357, '2024-03-19 03:33:17', '2024-03-19 03:33:17'),
(100, 'Prof. Eldora Gleichner', 'female', '2005-02-25', 19, 'ch', 605, '2024-03-19 03:33:17', '2024-03-19 03:33:17'),
(101, 'Alberto Hegmann', 'male', '2010-03-17', 14, 'kr', 664, '2024-03-19 03:33:17', '2024-03-19 03:33:17'),
(102, 'Amber Kohler', 'male', '2012-01-31', 12, 'th', 235, '2024-03-19 03:33:17', '2024-03-19 03:33:17'),
(103, 'Keon Ruecker', 'male', '2009-05-20', 14, 'jp', 727, '2024-03-19 03:33:17', '2024-03-19 03:33:17'),
(104, 'Mrs. Claire Olson', 'male', '2012-01-10', 12, 'kr', 472, '2024-03-19 03:33:17', '2024-03-19 03:33:17'),
(105, 'Prof. Bart Adams', 'female', '2007-12-01', 16, 'th', 648, '2024-03-19 03:33:17', '2024-03-19 03:33:17'),
(106, 'Ewell Dach III', 'male', '2007-11-07', 16, 'kr', 646, '2024-03-19 03:33:17', '2024-03-19 03:33:17'),
(107, 'Abe Kiehn', 'female', '2007-11-17', 16, 'kr', 645, '2024-03-19 03:33:17', '2024-03-19 03:33:17'),
(108, 'Lorenza Kozey', 'female', '2004-08-19', 19, 'jp', 538, '2024-03-19 03:33:17', '2024-03-19 03:33:17'),
(109, 'Jacquelyn Pouros', 'male', '2012-01-11', 12, 'ch', 639, '2024-03-19 03:33:17', '2024-03-19 03:33:17'),
(110, 'Mauricio Mraz IV', 'male', '2005-10-23', 18, 'th', 403, '2024-03-19 03:33:17', '2024-03-19 03:33:17'),
(111, 'Dr. Loy Roberts', 'female', '2012-07-20', 11, 'mm', 210, '2024-03-19 03:33:17', '2024-03-19 03:33:17'),
(112, 'Coralie Rohan', 'male', '2007-01-09', 17, 'th', 493, '2024-03-19 03:33:17', '2024-03-19 03:33:17'),
(113, 'Kaela Wyman MD', 'female', '2013-07-17', 10, 'ch', 539, '2024-03-19 03:33:17', '2024-03-19 03:33:17'),
(114, 'Misty Greenholt', 'female', '2004-11-15', 19, 'th', 849, '2024-03-19 03:33:17', '2024-03-19 03:33:17'),
(115, 'Jonas Donnelly', 'male', '2007-01-02', 17, 'ch', 408, '2024-03-19 03:33:17', '2024-03-19 03:33:17'),
(116, 'Corine Mertz', 'male', '2005-01-28', 19, 'jp', 291, '2024-03-19 03:33:17', '2024-03-19 03:33:17'),
(117, 'Bill Halvorson', 'female', '2011-08-09', 12, 'kr', 169, '2024-03-19 03:33:17', '2024-03-19 03:33:17'),
(118, 'Brianne Sauer', 'female', '2010-01-22', 14, 'th', 819, '2024-03-19 03:33:17', '2024-03-19 03:33:17'),
(119, 'Janis Lowe', 'male', '2005-02-22', 19, 'ch', 305, '2024-03-19 03:33:17', '2024-03-19 03:33:17'),
(120, 'Prof. Rachael Doyle', 'male', '2013-04-03', 10, 'kr', 838, '2024-03-19 03:33:17', '2024-03-19 03:33:17'),
(121, 'Flo Streich', 'female', '2005-08-01', 18, 'kr', 795, '2024-03-19 03:33:17', '2024-03-19 03:33:17'),
(122, 'Earnest Treutel', 'male', '2009-03-10', 15, 'jp', 631, '2024-03-19 03:33:17', '2024-03-19 03:33:17'),
(123, 'Alexanne Schoen', 'female', '2011-10-15', 12, 'mm', 997, '2024-03-19 03:33:17', '2024-03-19 03:33:17'),
(124, 'Marquis Mraz', 'female', '2011-03-05', 13, 'jp', 293, '2024-03-19 03:33:17', '2024-03-19 03:33:17'),
(125, 'Mr. Brook Gulgowski', 'female', '2006-01-27', 18, 'jp', 114, '2024-03-19 03:33:17', '2024-03-19 03:33:17'),
(126, 'Delilah Kiehn', 'male', '2005-10-11', 18, 'ch', 734, '2024-03-19 03:33:17', '2024-03-19 03:33:17'),
(127, 'Hailey Witting Sr.', 'female', '2010-03-22', 13, 'th', 513, '2024-03-19 03:33:17', '2024-03-19 03:33:17'),
(128, 'Allie Wunsch', 'male', '2005-10-29', 18, 'th', 533, '2024-03-19 03:33:17', '2024-03-19 03:33:17'),
(129, 'Prof. Hester Padberg DDS', 'female', '2006-05-16', 17, 'th', 283, '2024-03-19 03:33:17', '2024-03-19 03:33:17'),
(130, 'Prof. Lucie Turcotte III', 'male', '2012-06-25', 11, 'th', 134, '2024-03-19 03:33:17', '2024-03-19 03:33:17'),
(131, 'Meagan Jast', 'male', '2010-09-09', 13, 'ch', 911, '2024-03-19 03:33:17', '2024-03-19 03:33:17'),
(132, 'Mrs. Madeline Jacobi', 'male', '2013-04-17', 10, 'kr', 365, '2024-03-19 03:33:17', '2024-03-19 03:33:17'),
(133, 'Dee Lemke', 'male', '2006-06-07', 17, 'kr', 277, '2024-03-19 03:33:17', '2024-03-19 03:33:17'),
(134, 'Miss Lilyan Ullrich', 'male', '2011-07-07', 12, 'ch', 420, '2024-03-19 03:33:17', '2024-03-19 03:33:17'),
(135, 'Newell Greenholt I', 'male', '2008-03-23', 15, 'mm', 367, '2024-03-19 03:33:17', '2024-03-19 03:33:17'),
(136, 'Elissa Larson', 'male', '2004-04-18', 19, 'kr', 861, '2024-03-19 03:33:17', '2024-03-19 03:33:17'),
(137, 'Amelie Schmeler', 'female', '2011-06-08', 12, 'ch', 621, '2024-03-19 03:33:17', '2024-03-19 03:33:17'),
(138, 'Thelma Sauer', 'male', '2008-01-19', 16, 'ch', 749, '2024-03-19 03:33:17', '2024-03-19 03:33:17'),
(139, 'Amari Ankunding', 'female', '2006-05-13', 17, 'kr', 583, '2024-03-19 03:33:17', '2024-03-19 03:33:17'),
(140, 'Lexie Hintz', 'female', '2004-10-04', 19, 'th', 790, '2024-03-19 03:33:17', '2024-03-19 03:33:17'),
(141, 'Niko Daugherty MD', 'male', '2004-12-04', 19, 'th', 359, '2024-03-19 03:33:17', '2024-03-19 03:33:17'),
(142, 'Miss Casandra Huels II', 'male', '2010-01-19', 14, 'th', 723, '2024-03-19 03:33:17', '2024-03-19 03:33:17'),
(143, 'Lottie Ebert', 'male', '2014-01-16', 10, 'mm', 113, '2024-03-19 03:33:17', '2024-03-19 03:33:17'),
(144, 'Kian Metz', 'female', '2005-10-15', 18, 'mm', 867, '2024-03-19 03:33:17', '2024-03-19 03:33:17'),
(145, 'Madisyn Nienow', 'male', '2005-08-09', 18, 'ch', 317, '2024-03-19 03:33:17', '2024-03-19 03:33:17'),
(146, 'Ozella Lind', 'male', '2012-04-24', 11, 'jp', 381, '2024-03-19 03:33:17', '2024-03-19 03:33:17'),
(147, 'Zackery Carroll', 'male', '2006-04-22', 17, 'mm', 728, '2024-03-19 03:33:17', '2024-03-19 03:33:17'),
(148, 'Lindsey Jones', 'female', '2004-09-02', 19, 'jp', 596, '2024-03-19 03:33:17', '2024-03-19 03:33:17'),
(149, 'Carter Orn', 'female', '2013-11-24', 10, 'th', 553, '2024-03-19 03:33:17', '2024-03-19 03:33:17'),
(150, 'Berta Haley', 'male', '2013-05-21', 10, 'mm', 864, '2024-03-19 03:33:17', '2024-03-19 03:33:17'),
(151, 'Deja Senger DDS', 'male', '2013-06-09', 10, 'ch', 787, '2024-03-19 03:33:17', '2024-03-19 03:33:17'),
(152, 'Oleta Stehr', 'female', '2006-09-06', 17, 'jp', 270, '2024-03-19 03:33:17', '2024-03-19 03:33:17'),
(153, 'Ewald Hessel', 'male', '2008-09-08', 15, 'th', 898, '2024-03-19 03:33:17', '2024-03-19 03:33:17'),
(154, 'Sydni Schimmel', 'male', '2012-11-28', 11, 'ch', 671, '2024-03-19 03:33:17', '2024-03-19 03:33:17'),
(155, 'Alfredo Connelly', 'female', '2007-12-02', 16, 'jp', 472, '2024-03-19 03:33:17', '2024-03-19 03:33:17'),
(156, 'Daniella Heidenreich', 'female', '2009-04-26', 14, 'mm', 744, '2024-03-19 03:33:17', '2024-03-19 03:33:17'),
(157, 'Jesus Wilderman', 'female', '2010-11-27', 13, 'jp', 716, '2024-03-19 03:33:17', '2024-03-19 03:33:17'),
(158, 'Angie Macejkovic', 'female', '2012-06-29', 11, 'kr', 147, '2024-03-19 03:33:17', '2024-03-19 03:33:17'),
(159, 'Darien Spinka', 'male', '2007-04-21', 16, 'mm', 112, '2024-03-19 03:33:17', '2024-03-19 03:33:17'),
(160, 'Sylvia Gislason', 'female', '2011-01-24', 13, 'mm', 248, '2024-03-19 03:33:17', '2024-03-19 03:33:17'),
(161, 'Madge Quigley', 'male', '2008-03-14', 16, 'ch', 191, '2024-03-19 03:33:17', '2024-03-19 03:33:17'),
(162, 'Winfield Bergstrom', 'male', '2007-02-12', 17, 'kr', 315, '2024-03-19 03:33:17', '2024-03-19 03:33:17'),
(163, 'Ivy Gislason II', 'male', '2012-03-29', 11, 'kr', 355, '2024-03-19 03:33:17', '2024-03-19 03:33:17'),
(164, 'Chadrick Bahringer', 'female', '2008-09-30', 15, 'th', 917, '2024-03-19 03:33:17', '2024-03-19 03:33:17'),
(165, 'Dr. Brennon Armstrong', 'female', '2012-08-28', 11, 'kr', 703, '2024-03-19 03:33:17', '2024-03-19 03:33:17'),
(166, 'Agustin Rice', 'female', '2006-03-16', 18, 'mm', 297, '2024-03-19 03:33:17', '2024-03-19 03:33:17'),
(167, 'Mr. Cade Hilpert', 'male', '2010-10-12', 13, 'jp', 247, '2024-03-19 03:33:17', '2024-03-19 03:33:17'),
(168, 'Braulio Rohan', 'male', '2009-03-14', 15, 'ch', 463, '2024-03-19 03:33:17', '2024-03-19 03:33:17'),
(169, 'Gilbert Zemlak', 'female', '2004-11-11', 19, 'th', 163, '2024-03-19 03:33:17', '2024-03-19 03:33:17'),
(170, 'Abigayle Heller', 'male', '2008-04-10', 15, 'th', 543, '2024-03-19 03:33:17', '2024-03-19 03:33:17'),
(171, 'Jerad Anderson', 'female', '2006-12-06', 17, 'th', 252, '2024-03-19 03:33:17', '2024-03-19 03:33:17'),
(172, 'Bradly Kilback Jr.', 'male', '2011-08-25', 12, 'kr', 773, '2024-03-19 03:33:17', '2024-03-19 03:33:17'),
(173, 'Shanon Gorczany DDS', 'male', '2011-12-10', 12, 'kr', 816, '2024-03-19 03:33:17', '2024-03-19 03:33:17'),
(174, 'Malachi Rath', 'male', '2011-09-14', 12, 'jp', 955, '2024-03-19 03:33:17', '2024-03-19 03:33:17'),
(175, 'Prof. Herbert Barton', 'male', '2004-07-09', 19, 'ch', 446, '2024-03-19 03:33:17', '2024-03-19 03:33:17'),
(176, 'Prof. Jorge Romaguera V', 'female', '2010-10-11', 13, 'ch', 277, '2024-03-19 03:33:17', '2024-03-19 03:33:17'),
(177, 'Camren Rodriguez', 'female', '2012-03-24', 11, 'kr', 239, '2024-03-19 03:33:17', '2024-03-19 03:33:17'),
(178, 'Ellie McClure', 'female', '2012-08-03', 11, 'ch', 818, '2024-03-19 03:33:17', '2024-03-19 03:33:17'),
(179, 'Miss Isabelle O\'Hara Jr.', 'female', '2014-02-10', 10, 'jp', 942, '2024-03-19 03:33:17', '2024-03-19 03:33:17'),
(180, 'Dr. Ahmad Okuneva IV', 'female', '2004-06-29', 19, 'ch', 399, '2024-03-19 03:33:17', '2024-03-19 03:33:17'),
(181, 'Prof. Sidney Beier', 'male', '2010-08-22', 13, 'kr', 484, '2024-03-19 03:33:17', '2024-03-19 03:33:17'),
(182, 'Kristin Ferry DDS', 'male', '2011-01-11', 13, 'th', 232, '2024-03-19 03:33:17', '2024-03-19 03:33:17'),
(183, 'Eda Denesik V', 'male', '2011-02-21', 13, 'ch', 391, '2024-03-19 03:33:17', '2024-03-19 03:33:17'),
(184, 'Nasir Oberbrunner DVM', 'male', '2007-12-14', 16, 'jp', 766, '2024-03-19 03:33:17', '2024-03-19 03:33:17'),
(185, 'Isabella Berge', 'male', '2011-01-26', 13, 'th', 956, '2024-03-19 03:33:17', '2024-03-19 03:33:17'),
(186, 'Briana Cormier DDS', 'male', '2006-12-12', 17, 'th', 386, '2024-03-19 03:33:17', '2024-03-19 03:33:17'),
(187, 'Prof. Trenton McDermott', 'male', '2011-08-16', 12, 'jp', 750, '2024-03-19 03:33:17', '2024-03-19 03:33:17'),
(188, 'Sylvester McClure PhD', 'male', '2005-09-02', 18, 'mm', 158, '2024-03-19 03:33:17', '2024-03-19 03:33:17'),
(189, 'Korbin Medhurst', 'female', '2007-08-03', 16, 'kr', 441, '2024-03-19 03:33:17', '2024-03-19 03:33:17'),
(190, 'Barton Volkman', 'male', '2007-06-22', 16, 'jp', 106, '2024-03-19 03:33:17', '2024-03-19 03:33:17'),
(191, 'Jazlyn Leffler III', 'female', '2012-10-09', 11, 'jp', 871, '2024-03-19 03:33:17', '2024-03-19 03:33:17'),
(192, 'Lawson Adams Jr.', 'female', '2011-11-16', 12, 'th', 913, '2024-03-19 03:33:17', '2024-03-19 03:33:17'),
(193, 'Dr. Candida Heaney', 'male', '2005-04-19', 18, 'th', 357, '2024-03-19 03:33:17', '2024-03-19 03:33:17'),
(194, 'Sterling Moore DVM', 'male', '2012-11-20', 11, 'th', 430, '2024-03-19 03:33:17', '2024-03-19 03:33:17'),
(195, 'Justus Hamill Sr.', 'female', '2008-03-10', 16, 'mm', 447, '2024-03-19 03:33:17', '2024-03-19 03:33:17'),
(196, 'Cecelia Beahan', 'female', '2006-07-30', 17, 'jp', 317, '2024-03-19 03:33:17', '2024-03-19 03:33:17'),
(197, 'Kaycee Brekke', 'male', '2008-02-11', 16, 'th', 602, '2024-03-19 03:33:17', '2024-03-19 03:33:17'),
(198, 'Marlon Champlin PhD', 'male', '2013-01-13', 11, 'ch', 152, '2024-03-19 03:33:17', '2024-03-19 03:33:17'),
(199, 'Prof. Talon Herman V', 'male', '2013-05-11', 10, 'ch', 902, '2024-03-19 03:33:17', '2024-03-19 03:33:17'),
(200, 'Lillian Beatty', 'female', '2004-04-27', 19, 'th', 136, '2024-03-19 03:33:17', '2024-03-19 03:33:17'),
(201, 'Zakary Franecki', 'male', '2006-04-26', 17, 'jp', 470, '2024-03-19 03:33:17', '2024-03-19 03:33:17'),
(202, 'Jake Mitchell', 'female', '2008-12-07', 15, 'ch', 220, '2024-03-19 03:33:17', '2024-03-19 03:33:17'),
(203, 'Sallie Johns', 'male', '2013-09-04', 10, 'jp', 769, '2024-03-19 03:33:17', '2024-03-19 03:33:17'),
(204, 'Dr. Milan Dickens III', 'female', '2007-02-08', 17, 'ch', 890, '2024-03-19 03:33:17', '2024-03-19 03:33:17'),
(205, 'Ms. Mattie Conroy', 'female', '2007-07-22', 16, 'kr', 670, '2024-03-19 03:33:17', '2024-03-19 03:33:17'),
(206, 'Christelle Jast', 'female', '2010-01-29', 14, 'th', 250, '2024-03-19 03:33:17', '2024-03-19 03:33:17'),
(207, 'Dr. Shania Kreiger', 'male', '2011-01-04', 13, 'jp', 150, '2024-03-19 03:33:17', '2024-03-19 03:33:17'),
(208, 'Hipolito Buckridge IV', 'male', '2008-08-31', 15, 'mm', 478, '2024-03-19 03:33:17', '2024-03-19 03:33:17'),
(209, 'Delphine Auer', 'female', '2012-08-28', 11, 'jp', 782, '2024-03-19 03:33:17', '2024-03-19 03:33:17'),
(210, 'Mrs. Jennyfer Frami PhD', 'female', '2013-05-11', 10, 'jp', 851, '2024-03-19 03:33:17', '2024-03-19 03:33:17'),
(211, 'Jacques Mosciski', 'female', '2009-07-29', 14, 'th', 282, '2024-03-19 03:33:17', '2024-03-19 03:33:17'),
(212, 'Leslie Jacobs MD', 'female', '2006-05-23', 17, 'mm', 885, '2024-03-19 03:33:17', '2024-03-19 03:33:17'),
(213, 'Melyna Rosenbaum', 'female', '2007-03-24', 16, 'mm', 808, '2024-03-19 03:33:17', '2024-03-19 03:33:17'),
(214, 'Ms. Daniella Barrows', 'female', '2010-04-23', 13, 'mm', 766, '2024-03-19 03:33:17', '2024-03-19 03:33:17'),
(215, 'Sunny Kuhic', 'male', '2011-06-28', 12, 'jp', 600, '2024-03-19 03:33:17', '2024-03-19 03:33:17'),
(216, 'Makenna Bechtelar', 'female', '2005-06-26', 18, 'mm', 345, '2024-03-19 03:33:17', '2024-03-19 03:33:17'),
(217, 'Duncan Abbott', 'female', '2007-07-26', 16, 'kr', 536, '2024-03-19 03:33:17', '2024-03-19 03:33:17'),
(218, 'Wayne Collins', 'male', '2012-08-07', 11, 'mm', 878, '2024-03-19 03:33:17', '2024-03-19 03:33:17'),
(219, 'Seth Kohler', 'female', '2006-09-04', 17, 'ch', 249, '2024-03-19 03:33:17', '2024-03-19 03:33:17'),
(220, 'Leon Kertzmann', 'female', '2006-05-09', 17, 'th', 167, '2024-03-19 03:33:17', '2024-03-19 03:33:17'),
(221, 'Mrs. Germaine Smith II', 'female', '2006-09-27', 17, 'mm', 508, '2024-03-19 03:33:17', '2024-03-19 03:33:17'),
(222, 'Bell Purdy', 'male', '2005-05-31', 18, 'kr', 288, '2024-03-19 03:33:17', '2024-03-19 03:33:17'),
(223, 'Asa Gibson', 'male', '2007-11-20', 16, 'th', 811, '2024-03-19 03:33:17', '2024-03-19 03:33:17'),
(224, 'Eleonore Davis', 'female', '2012-06-28', 11, 'kr', 147, '2024-03-19 03:33:17', '2024-03-19 03:33:17'),
(225, 'Aleen Abbott', 'male', '2004-08-29', 19, 'ch', 908, '2024-03-19 03:33:17', '2024-03-19 03:33:17'),
(226, 'Jorge Gulgowski PhD', 'female', '2011-05-24', 12, 'jp', 315, '2024-03-19 03:33:17', '2024-03-19 03:33:17'),
(227, 'Madison Glover', 'male', '2004-06-24', 19, 'jp', 891, '2024-03-19 03:33:17', '2024-03-19 03:33:17'),
(228, 'Miss Jailyn Bernhard', 'male', '2006-07-31', 17, 'jp', 586, '2024-03-19 03:33:17', '2024-03-19 03:33:17'),
(229, 'Carlos Schinner', 'male', '2006-09-07', 17, 'jp', 313, '2024-03-19 03:33:17', '2024-03-19 03:33:17'),
(230, 'Miss Imogene Batz IV', 'female', '2008-09-20', 15, 'jp', 701, '2024-03-19 03:33:17', '2024-03-19 03:33:17'),
(231, 'Robyn Feeney', 'male', '2008-12-03', 15, 'th', 201, '2024-03-19 03:33:17', '2024-03-19 03:33:17'),
(232, 'Monserrate Monahan', 'male', '2005-01-23', 19, 'ch', 517, '2024-03-19 03:33:17', '2024-03-19 03:33:17'),
(233, 'Dr. Keely Koepp II', 'female', '2011-09-21', 12, 'kr', 694, '2024-03-19 03:33:17', '2024-03-19 03:33:17'),
(234, 'Carli Kuhn', 'female', '2007-03-14', 17, 'kr', 463, '2024-03-19 03:33:17', '2024-03-19 03:33:17'),
(235, 'Lupe Gutmann', 'male', '2006-09-11', 17, 'jp', 410, '2024-03-19 03:33:17', '2024-03-19 03:33:17'),
(236, 'Mr. Rudy Gulgowski V', 'male', '2006-03-03', 18, 'jp', 758, '2024-03-19 03:33:17', '2024-03-19 03:33:17'),
(237, 'Eduardo Harvey Sr.', 'male', '2012-11-13', 11, 'kr', 630, '2024-03-19 03:33:17', '2024-03-19 03:33:17'),
(238, 'Watson Crist', 'male', '2004-05-26', 19, 'jp', 105, '2024-03-19 03:33:17', '2024-03-19 03:33:17'),
(239, 'Prof. Christa Schuster', 'female', '2006-03-27', 17, 'mm', 310, '2024-03-19 03:33:17', '2024-03-19 03:33:17'),
(240, 'Mrs. Judy Cole', 'male', '2005-10-10', 18, 'th', 326, '2024-03-19 03:33:17', '2024-03-19 03:33:17'),
(241, 'Mr. Walker Jenkins Sr.', 'female', '2006-06-11', 17, 'kr', 241, '2024-03-19 03:33:17', '2024-03-19 03:33:17'),
(242, 'Dr. Thurman Moore', 'male', '2012-05-22', 11, 'mm', 801, '2024-03-19 03:33:17', '2024-03-19 03:33:17'),
(243, 'Gilbert Ernser', 'female', '2006-01-31', 18, 'jp', 193, '2024-03-19 03:33:17', '2024-03-19 03:33:17'),
(244, 'Miss Nicole Grady', 'male', '2009-03-20', 15, 'jp', 991, '2024-03-19 03:33:17', '2024-03-19 03:33:17'),
(245, 'Roberto Kuhlman', 'male', '2004-11-22', 19, 'kr', 239, '2024-03-19 03:33:17', '2024-03-19 03:33:17'),
(246, 'Abelardo Dickens', 'male', '2010-09-28', 13, 'mm', 231, '2024-03-19 03:33:17', '2024-03-19 03:33:17'),
(247, 'Noemie Franecki III', 'female', '2011-09-04', 12, 'mm', 480, '2024-03-19 03:33:17', '2024-03-19 03:33:17'),
(248, 'Sophie Walter V', 'male', '2006-11-21', 17, 'kr', 434, '2024-03-19 03:33:17', '2024-03-19 03:33:17'),
(249, 'Cathryn Hermiston', 'female', '2012-11-03', 11, 'jp', 801, '2024-03-19 03:33:17', '2024-03-19 03:33:17'),
(250, 'Mr. Malcolm Watsica', 'female', '2011-06-30', 12, 'mm', 692, '2024-03-19 03:33:17', '2024-03-19 03:33:17'),
(251, 'Prof. Donny Simonis', 'female', '2013-11-21', 10, 'th', 417, '2024-03-19 03:33:17', '2024-03-19 03:33:17'),
(252, 'Mark Yundt', 'female', '2010-03-14', 14, 'th', 574, '2024-03-19 03:33:17', '2024-03-19 03:33:17'),
(253, 'Dave Bergstrom', 'female', '2010-10-14', 13, 'kr', 528, '2024-03-19 03:33:17', '2024-03-19 03:33:17'),
(254, 'Edwin D\'Amore', 'female', '2008-06-25', 15, 'mm', 941, '2024-03-19 03:33:17', '2024-03-19 03:33:17'),
(255, 'Miss Marielle Toy Sr.', 'female', '2007-04-28', 16, 'kr', 313, '2024-03-19 03:33:17', '2024-03-19 03:33:17'),
(256, 'Alec Gleason', 'female', '2014-03-03', 10, 'mm', 761, '2024-03-19 03:33:17', '2024-03-19 03:33:17'),
(257, 'Mrs. Eve Spencer PhD', 'female', '2008-03-28', 15, 'ch', 550, '2024-03-19 03:33:17', '2024-03-19 03:33:17'),
(258, 'Mr. Torrance Collier V', 'female', '2009-04-11', 14, 'th', 686, '2024-03-19 03:33:17', '2024-03-19 03:33:17'),
(259, 'Manuel Vandervort', 'female', '2012-06-23', 11, 'ch', 717, '2024-03-19 03:33:17', '2024-03-19 03:33:17'),
(260, 'Andreane Blick', 'female', '2011-06-22', 12, 'kr', 819, '2024-03-19 03:33:17', '2024-03-19 03:33:17'),
(261, 'Mr. Carleton Krajcik Jr.', 'female', '2006-10-12', 17, 'kr', 621, '2024-03-19 03:33:17', '2024-03-19 03:33:17'),
(262, 'Kellie Kulas', 'female', '2011-06-24', 12, 'mm', 223, '2024-03-19 03:33:17', '2024-03-19 03:33:17'),
(263, 'Sammy Hand', 'male', '2009-03-06', 15, 'mm', 903, '2024-03-19 03:33:17', '2024-03-19 03:33:17'),
(264, 'Ms. Cynthia Friesen I', 'male', '2013-05-28', 10, 'mm', 447, '2024-03-19 03:33:17', '2024-03-19 03:33:17'),
(265, 'Miss Lizzie Stracke', 'female', '2008-01-22', 16, 'mm', 751, '2024-03-19 03:33:17', '2024-03-19 03:33:17'),
(266, 'Dejah Wiegand', 'male', '2011-07-11', 12, 'jp', 332, '2024-03-19 03:33:17', '2024-03-19 03:33:17'),
(267, 'Cletus Jacobson', 'female', '2008-05-07', 15, 'kr', 772, '2024-03-19 03:33:17', '2024-03-19 03:33:17'),
(268, 'Dena Halvorson', 'female', '2010-09-22', 13, 'kr', 417, '2024-03-19 03:33:17', '2024-03-19 03:33:17'),
(269, 'Nolan Kuhn', 'male', '2012-04-12', 11, 'ch', 203, '2024-03-19 03:33:17', '2024-03-19 03:33:17'),
(270, 'Felicity Lehner Sr.', 'female', '2006-07-11', 17, 'jp', 521, '2024-03-19 03:33:17', '2024-03-19 03:33:17'),
(271, 'Dr. Rudolph Gislason IV', 'female', '2005-02-17', 19, 'mm', 733, '2024-03-19 03:33:17', '2024-03-19 03:33:17'),
(272, 'Maeve Harvey', 'male', '2009-04-13', 14, 'mm', 642, '2024-03-19 03:33:17', '2024-03-19 03:33:17'),
(273, 'Mabel Rogahn Jr.', 'male', '2009-09-20', 14, 'jp', 633, '2024-03-19 03:33:17', '2024-03-19 03:33:17'),
(274, 'Sharon Johns Sr.', 'male', '2006-05-19', 17, 'mm', 519, '2024-03-19 03:33:17', '2024-03-19 03:33:17'),
(275, 'Roxane O\'Hara', 'female', '2005-10-17', 18, 'kr', 332, '2024-03-19 03:33:17', '2024-03-19 03:33:17'),
(276, 'Ms. Kaitlyn Watsica MD', 'male', '2005-03-01', 19, 'mm', 676, '2024-03-19 03:33:17', '2024-03-19 03:33:17'),
(277, 'Shad Roob', 'male', '2005-07-21', 18, 'ch', 765, '2024-03-19 03:33:17', '2024-03-19 03:33:17'),
(278, 'Eriberto Feeney', 'male', '2006-06-25', 17, 'kr', 163, '2024-03-19 03:33:17', '2024-03-19 03:33:17'),
(279, 'Ms. Myra DuBuque II', 'female', '2007-03-20', 17, 'mm', 176, '2024-03-19 03:33:17', '2024-03-19 03:33:17'),
(280, 'Darwin Dooley', 'female', '2005-11-07', 18, 'ch', 481, '2024-03-19 03:33:17', '2024-03-19 03:33:17'),
(281, 'Jason Boyer', 'female', '2011-12-20', 12, 'ch', 443, '2024-03-19 03:33:17', '2024-03-19 03:33:17'),
(282, 'Hector DuBuque', 'female', '2009-07-29', 14, 'kr', 541, '2024-03-19 03:33:17', '2024-03-19 03:33:17'),
(283, 'Darion Hamill', 'male', '2010-04-23', 13, 'th', 939, '2024-03-19 03:33:17', '2024-03-19 03:33:17'),
(284, 'Miss Judy Ryan', 'female', '2006-02-17', 18, 'jp', 211, '2024-03-19 03:33:17', '2024-03-19 03:33:17'),
(285, 'Margaretta Ortiz', 'female', '2009-05-19', 14, 'jp', 609, '2024-03-19 03:33:17', '2024-03-19 03:33:17'),
(286, 'Dr. Cynthia Stanton MD', 'male', '2007-12-03', 16, 'kr', 708, '2024-03-19 03:33:17', '2024-03-19 03:33:17'),
(287, 'Mrs. Otha Hickle', 'male', '2013-01-06', 11, 'mm', 625, '2024-03-19 03:33:17', '2024-03-19 03:33:17'),
(288, 'Gust Rodriguez', 'male', '2009-03-03', 15, 'jp', 266, '2024-03-19 03:33:17', '2024-03-19 03:33:17'),
(289, 'Jonathon Feil', 'male', '2006-07-11', 17, 'ch', 895, '2024-03-19 03:33:17', '2024-03-19 03:33:17'),
(290, 'Maximillia Jaskolski', 'male', '2009-01-03', 15, 'kr', 758, '2024-03-19 03:33:17', '2024-03-19 03:33:17'),
(291, 'Prof. Gussie Brown', 'female', '2013-10-25', 10, 'kr', 224, '2024-03-19 03:33:17', '2024-03-19 03:33:17'),
(292, 'Amina Gutmann', 'female', '2012-10-25', 11, 'jp', 209, '2024-03-19 03:33:17', '2024-03-19 03:33:17'),
(293, 'Reanna Dach', 'female', '2007-10-11', 16, 'ch', 921, '2024-03-19 03:33:17', '2024-03-19 03:33:17'),
(294, 'Jonatan Gislason II', 'male', '2013-12-24', 10, 'ch', 800, '2024-03-19 03:33:17', '2024-03-19 03:33:17'),
(295, 'Cora Pouros', 'male', '2007-11-27', 16, 'ch', 809, '2024-03-19 03:33:17', '2024-03-19 03:33:17'),
(296, 'Kelli Schroeder', 'female', '2010-03-29', 13, 'mm', 649, '2024-03-19 03:33:17', '2024-03-19 03:33:17'),
(297, 'Rubye Weber', 'female', '2013-08-21', 10, 'mm', 424, '2024-03-19 03:33:17', '2024-03-19 03:33:17'),
(298, 'Dr. Norbert Wolf Jr.', 'male', '2008-02-09', 16, 'mm', 580, '2024-03-19 03:33:17', '2024-03-19 03:33:17'),
(299, 'Dr. Sylvan Lynch PhD', 'female', '2009-05-17', 14, 'th', 397, '2024-03-19 03:33:17', '2024-03-19 03:33:17'),
(300, 'Jabari Thompson', 'male', '2006-01-16', 18, 'jp', 451, '2024-03-19 03:33:17', '2024-03-19 03:33:17'),
(301, 'Obie Schinner Jr.', 'female', '2009-03-31', 14, 'kr', 865, '2024-03-19 03:33:17', '2024-03-19 03:33:17'),
(302, 'Dina McGlynn PhD', 'female', '2008-02-07', 16, 'mm', 717, '2024-03-19 03:33:17', '2024-03-19 03:33:17'),
(303, 'Mertie Towne', 'male', '2011-09-28', 12, 'th', 554, '2024-03-19 03:33:17', '2024-03-19 03:33:17'),
(304, 'Dr. Abner Leuschke', 'male', '2005-03-19', 19, 'kr', 675, '2024-03-19 03:33:17', '2024-03-19 03:33:17'),
(305, 'Hallie Labadie PhD', 'female', '2010-03-15', 14, 'ch', 596, '2024-03-19 03:33:17', '2024-03-19 03:33:17'),
(306, 'Matteo Sanford', 'female', '2012-04-27', 11, 'mm', 985, '2024-03-19 03:33:17', '2024-03-19 03:33:17'),
(307, 'Noemie Schroeder MD', 'female', '2007-07-04', 16, 'th', 713, '2024-03-19 03:33:17', '2024-03-19 03:33:17'),
(308, 'Izabella Schumm', 'female', '2006-03-04', 18, 'jp', 118, '2024-03-19 03:33:17', '2024-03-19 03:33:17'),
(309, 'Mariah Wilderman', 'male', '2010-05-10', 13, 'th', 356, '2024-03-19 03:33:17', '2024-03-19 03:33:17'),
(310, 'Kenna O\'Hara', 'male', '2010-10-13', 13, 'ch', 978, '2024-03-19 03:33:17', '2024-03-19 03:33:17'),
(311, 'Kaela Boyle', 'female', '2009-11-15', 14, 'th', 460, '2024-03-19 03:33:17', '2024-03-19 03:33:17'),
(312, 'Whitney Waters', 'male', '2008-07-23', 15, 'ch', 197, '2024-03-19 03:33:17', '2024-03-19 03:33:17'),
(313, 'Alford Grady', 'female', '2013-05-24', 10, 'ch', 923, '2024-03-19 03:33:17', '2024-03-19 03:33:17'),
(314, 'Bertha Schinner Sr.', 'male', '2007-11-20', 16, 'kr', 177, '2024-03-19 03:33:17', '2024-03-19 03:33:17'),
(315, 'Michael Weber', 'female', '2008-10-28', 15, 'th', 565, '2024-03-19 03:33:17', '2024-03-19 03:33:17'),
(316, 'Tressie Auer', 'female', '2012-04-08', 11, 'mm', 283, '2024-03-19 03:33:17', '2024-03-19 03:33:17'),
(317, 'Luigi Auer', 'female', '2007-04-28', 16, 'mm', 859, '2024-03-19 03:33:17', '2024-03-19 03:33:17'),
(318, 'Elliot Weimann', 'female', '2009-05-30', 14, 'jp', 441, '2024-03-19 03:33:17', '2024-03-19 03:33:17'),
(319, 'Dr. Julio Schmidt IV', 'male', '2011-03-26', 12, 'mm', 849, '2024-03-19 03:33:17', '2024-03-19 03:33:17'),
(320, 'Billie Pacocha', 'male', '2012-08-27', 11, 'ch', 403, '2024-03-19 03:33:17', '2024-03-19 03:33:17'),
(321, 'Kylie Ferry Sr.', 'male', '2007-04-08', 16, 'ch', 780, '2024-03-19 03:33:17', '2024-03-19 03:33:17'),
(322, 'Aiden Hettinger', 'male', '2012-11-18', 11, 'mm', 374, '2024-03-19 03:33:17', '2024-03-19 03:33:17'),
(323, 'Hal Hegmann Jr.', 'female', '2006-07-11', 17, 'jp', 723, '2024-03-19 03:33:17', '2024-03-19 03:33:17'),
(324, 'Dr. Marjory Wyman PhD', 'male', '2012-04-14', 11, 'jp', 285, '2024-03-19 03:33:17', '2024-03-19 03:33:17'),
(325, 'Berneice Ryan', 'female', '2014-02-25', 10, 'mm', 658, '2024-03-19 03:33:17', '2024-03-19 03:33:17'),
(326, 'Jean Wisozk', 'male', '2009-12-13', 14, 'jp', 629, '2024-03-19 03:33:17', '2024-03-19 03:33:17'),
(327, 'Ned Cummings', 'female', '2009-06-03', 14, 'kr', 466, '2024-03-19 03:33:17', '2024-03-19 03:33:17'),
(328, 'Mercedes Schuppe', 'female', '2009-05-06', 14, 'jp', 438, '2024-03-19 03:33:17', '2024-03-19 03:33:17'),
(329, 'Chelsea Brekke DVM', 'male', '2012-09-21', 11, 'th', 738, '2024-03-19 03:33:17', '2024-03-19 03:33:17'),
(330, 'Evangeline Schaden', 'female', '2007-07-29', 16, 'ch', 175, '2024-03-19 03:33:17', '2024-03-19 03:33:17'),
(331, 'Richard Rohan', 'female', '2013-02-19', 11, 'mm', 153, '2024-03-19 03:33:17', '2024-03-19 03:33:17'),
(332, 'Bonnie Brakus', 'female', '2009-09-19', 14, 'jp', 432, '2024-03-19 03:33:17', '2024-03-19 03:33:17'),
(333, 'Retha Walter I', 'female', '2007-03-16', 17, 'mm', 123, '2024-03-19 03:33:17', '2024-03-19 03:33:17'),
(334, 'Newton Schneider DVM', 'female', '2013-05-26', 10, 'ch', 572, '2024-03-19 03:33:17', '2024-03-19 03:33:17'),
(335, 'Ewald Raynor', 'female', '2008-10-03', 15, 'kr', 224, '2024-03-19 03:33:17', '2024-03-19 03:33:17'),
(336, 'Abbey Schuppe', 'male', '2004-06-24', 19, 'kr', 185, '2024-03-19 03:33:17', '2024-03-19 03:33:17'),
(337, 'Nat Stanton', 'female', '2010-04-12', 13, 'th', 590, '2024-03-19 03:33:17', '2024-03-19 03:33:17'),
(338, 'Novella Kling', 'male', '2010-12-16', 13, 'jp', 565, '2024-03-19 03:33:17', '2024-03-19 03:33:17'),
(339, 'Estelle Grant', 'female', '2005-08-14', 18, 'kr', 972, '2024-03-19 03:33:17', '2024-03-19 03:33:17'),
(340, 'Ms. Cecile Rohan III', 'female', '2012-04-01', 11, 'ch', 877, '2024-03-19 03:33:17', '2024-03-19 03:33:17'),
(341, 'Mr. Antwon Zieme', 'male', '2007-06-13', 16, 'jp', 719, '2024-03-19 03:33:17', '2024-03-19 03:33:17'),
(342, 'Ceasar Lubowitz', 'female', '2006-04-25', 17, 'th', 127, '2024-03-19 03:33:17', '2024-03-19 03:33:17'),
(343, 'Queen Schmidt', 'male', '2011-05-16', 12, 'ch', 268, '2024-03-19 03:33:17', '2024-03-19 03:33:17'),
(344, 'Fern Schinner V', 'female', '2008-08-14', 15, 'mm', 232, '2024-03-19 03:33:17', '2024-03-19 03:33:17'),
(345, 'Erwin Ullrich', 'female', '2008-03-22', 15, 'kr', 769, '2024-03-19 03:33:17', '2024-03-19 03:33:17'),
(346, 'Leanne Lind', 'female', '2012-06-02', 11, 'th', 275, '2024-03-19 03:33:17', '2024-03-19 03:33:17'),
(347, 'Amparo Nienow', 'female', '2011-09-03', 12, 'kr', 840, '2024-03-19 03:33:17', '2024-03-19 03:33:17'),
(348, 'Ophelia Bosco', 'female', '2005-06-16', 18, 'kr', 971, '2024-03-19 03:33:17', '2024-03-19 03:33:17'),
(349, 'Miss Aryanna Gottlieb III', 'male', '2006-12-17', 17, 'kr', 284, '2024-03-19 03:33:17', '2024-03-19 03:33:17'),
(350, 'Mrs. Jeanette Rowe', 'male', '2009-03-23', 14, 'ch', 678, '2024-03-19 03:33:17', '2024-03-19 03:33:17'),
(351, 'Alta Windler', 'female', '2012-03-12', 12, 'mm', 188, '2024-03-19 03:33:17', '2024-03-19 03:33:17'),
(352, 'Prof. Brycen Marks PhD', 'female', '2012-07-17', 11, 'ch', 197, '2024-03-19 03:33:17', '2024-03-19 03:33:17'),
(353, 'Dr. Ethel Tromp', 'male', '2007-02-15', 17, 'jp', 264, '2024-03-19 03:33:17', '2024-03-19 03:33:17'),
(354, 'Cyril Effertz', 'male', '2006-03-21', 17, 'mm', 454, '2024-03-19 03:33:17', '2024-03-19 03:33:17'),
(355, 'Mathilde Christiansen', 'female', '2005-11-27', 18, 'kr', 541, '2024-03-19 03:33:17', '2024-03-19 03:33:17'),
(356, 'Imogene Kiehn', 'female', '2010-08-11', 13, 'kr', 880, '2024-03-19 03:33:17', '2024-03-19 03:33:17'),
(357, 'Antonia Hermiston', 'male', '2009-03-20', 15, 'mm', 129, '2024-03-19 03:33:17', '2024-03-19 03:33:17'),
(358, 'Ms. Evalyn Carroll', 'male', '2008-09-15', 15, 'kr', 167, '2024-03-19 03:33:17', '2024-03-19 03:33:17'),
(359, 'Lenore Wilderman', 'male', '2010-04-24', 13, 'ch', 492, '2024-03-19 03:33:17', '2024-03-19 03:33:17'),
(360, 'Mr. Afton Gottlieb MD', 'male', '2006-03-13', 18, 'kr', 420, '2024-03-19 03:33:17', '2024-03-19 03:33:17'),
(361, 'Kellen Ernser', 'male', '2013-01-22', 11, 'jp', 634, '2024-03-19 03:33:17', '2024-03-19 03:33:17'),
(362, 'Winnifred Runolfsdottir', 'male', '2010-02-18', 14, 'mm', 719, '2024-03-19 03:33:17', '2024-03-19 03:33:17'),
(363, 'Lenny Beatty', 'female', '2013-05-20', 10, 'kr', 369, '2024-03-19 03:33:17', '2024-03-19 03:33:17'),
(364, 'Ernie Zboncak', 'female', '2012-11-09', 11, 'kr', 129, '2024-03-19 03:33:17', '2024-03-19 03:33:17'),
(365, 'Lilly Bahringer', 'female', '2012-04-02', 11, 'kr', 377, '2024-03-19 03:33:17', '2024-03-19 03:33:17'),
(366, 'Maximo Rowe', 'female', '2009-07-16', 14, 'th', 785, '2024-03-19 03:33:17', '2024-03-19 03:33:17'),
(367, 'Mrs. Mathilde Greenfelder', 'male', '2007-02-09', 17, 'jp', 604, '2024-03-19 03:33:17', '2024-03-19 03:33:17'),
(368, 'Brad Gislason', 'male', '2008-03-08', 16, 'jp', 936, '2024-03-19 03:33:17', '2024-03-19 03:33:17'),
(369, 'Prof. Kara Brekke IV', 'male', '2008-07-30', 15, 'th', 896, '2024-03-19 03:33:17', '2024-03-19 03:33:17'),
(370, 'Miss Adele Balistreri', 'male', '2004-07-13', 19, 'th', 996, '2024-03-19 03:33:17', '2024-03-19 03:33:17'),
(371, 'Chelsea Kreiger III', 'female', '2005-11-21', 18, 'ch', 913, '2024-03-19 03:33:17', '2024-03-19 03:33:17'),
(372, 'Skyla Koch', 'male', '2008-11-17', 15, 'ch', 642, '2024-03-19 03:33:17', '2024-03-19 03:33:17'),
(373, 'Brook Rippin', 'male', '2010-10-27', 13, 'kr', 196, '2024-03-19 03:33:17', '2024-03-19 03:33:17'),
(374, 'Nina Legros', 'female', '2004-12-31', 19, 'mm', 473, '2024-03-19 03:33:17', '2024-03-19 03:33:17'),
(375, 'Wyatt Krajcik', 'female', '2004-05-12', 19, 'mm', 629, '2024-03-19 03:33:17', '2024-03-19 03:33:17'),
(376, 'Prof. Zula Bauch', 'male', '2006-11-28', 17, 'ch', 387, '2024-03-19 03:33:17', '2024-03-19 03:33:17'),
(377, 'Prof. Gust Beer', 'female', '2004-11-03', 19, 'kr', 153, '2024-03-19 03:33:17', '2024-03-19 03:33:17'),
(378, 'Dr. Arjun Welch', 'female', '2009-09-22', 14, 'jp', 772, '2024-03-19 03:33:17', '2024-03-19 03:33:17'),
(379, 'Emie Macejkovic', 'female', '2008-04-04', 15, 'kr', 651, '2024-03-19 03:33:17', '2024-03-19 03:33:17'),
(380, 'Robb King', 'male', '2009-04-08', 14, 'mm', 515, '2024-03-19 03:33:17', '2024-03-19 03:33:17'),
(381, 'Mrs. Josiane Gaylord', 'female', '2007-10-28', 16, 'ch', 890, '2024-03-19 03:33:17', '2024-03-19 03:33:17'),
(382, 'Prof. Darren Cole II', 'female', '2010-06-08', 13, 'ch', 971, '2024-03-19 03:33:17', '2024-03-19 03:33:17'),
(383, 'Rene Tillman Jr.', 'male', '2013-08-11', 10, 'ch', 913, '2024-03-19 03:33:17', '2024-03-19 03:33:17'),
(384, 'Dr. Delilah Jenkins', 'female', '2006-07-03', 17, 'jp', 341, '2024-03-19 03:33:17', '2024-03-19 03:33:17'),
(385, 'Kyra Steuber', 'female', '2006-04-03', 17, 'jp', 339, '2024-03-19 03:33:17', '2024-03-19 03:33:17'),
(386, 'Estrella Langworth', 'male', '2006-01-16', 18, 'jp', 925, '2024-03-19 03:33:17', '2024-03-19 03:33:17'),
(387, 'Ila Nader MD', 'female', '2005-09-10', 18, 'ch', 113, '2024-03-19 03:33:17', '2024-03-19 03:33:17'),
(388, 'Miss Maymie Ratke MD', 'female', '2010-06-21', 13, 'kr', 876, '2024-03-19 03:33:17', '2024-03-19 03:33:17'),
(389, 'Jermey Swift', 'male', '2006-11-27', 17, 'mm', 234, '2024-03-19 03:33:17', '2024-03-19 03:33:17'),
(390, 'Damien Witting', 'female', '2008-05-03', 15, 'ch', 256, '2024-03-19 03:33:17', '2024-03-19 03:33:17'),
(391, 'Lauryn Prosacco', 'male', '2010-01-22', 14, 'kr', 422, '2024-03-19 03:33:17', '2024-03-19 03:33:17'),
(392, 'Gabriel Stroman DVM', 'male', '2013-10-21', 10, 'ch', 366, '2024-03-19 03:33:17', '2024-03-19 03:33:17'),
(393, 'Sam Fay', 'female', '2008-01-11', 16, 'th', 162, '2024-03-19 03:33:17', '2024-03-19 03:33:17'),
(394, 'Mr. Connor Fadel III', 'male', '2010-04-10', 13, 'jp', 709, '2024-03-19 03:33:17', '2024-03-19 03:33:17'),
(395, 'Lambert Bogisich', 'male', '2011-09-05', 12, 'mm', 371, '2024-03-19 03:33:17', '2024-03-19 03:33:17'),
(396, 'Dennis Aufderhar', 'female', '2005-08-08', 18, 'ch', 246, '2024-03-19 03:33:17', '2024-03-19 03:33:17'),
(397, 'Leanne Kling', 'female', '2013-07-15', 10, 'mm', 458, '2024-03-19 03:33:17', '2024-03-19 03:33:17'),
(398, 'Justus Murphy', 'male', '2008-03-01', 16, 'ch', 870, '2024-03-19 03:33:17', '2024-03-19 03:33:17'),
(399, 'Casandra Ritchie', 'male', '2009-01-14', 15, 'jp', 638, '2024-03-19 03:33:17', '2024-03-19 03:33:17'),
(400, 'Salvador McKenzie', 'female', '2009-09-25', 14, 'kr', 693, '2024-03-19 03:33:17', '2024-03-19 03:33:17'),
(401, 'Ariel Boyer MD', 'female', '2013-04-16', 10, 'jp', 943, '2024-03-19 03:33:17', '2024-03-19 03:33:17'),
(402, 'Zoey Gaylord', 'female', '2009-08-14', 14, 'mm', 164, '2024-03-19 03:33:17', '2024-03-19 03:33:17'),
(403, 'Mr. Demarcus Runolfsson MD', 'male', '2004-05-11', 19, 'ch', 984, '2024-03-19 03:33:17', '2024-03-19 03:33:17'),
(404, 'Stuart Predovic', 'female', '2006-02-23', 18, 'th', 229, '2024-03-19 03:33:17', '2024-03-19 03:33:17'),
(405, 'Prof. Zula Bins', 'male', '2008-11-28', 15, 'ch', 180, '2024-03-19 03:33:17', '2024-03-19 03:33:17'),
(406, 'Mertie Blanda', 'female', '2011-07-11', 12, 'mm', 631, '2024-03-19 03:33:17', '2024-03-19 03:33:17'),
(407, 'Graham Williamson', 'male', '2007-07-24', 16, 'ch', 507, '2024-03-19 03:33:17', '2024-03-19 03:33:17'),
(408, 'Sydnee Tillman', 'male', '2008-08-13', 15, 'mm', 805, '2024-03-19 03:33:17', '2024-03-19 03:33:17'),
(409, 'Mr. Isom Mills MD', 'male', '2008-05-21', 15, 'jp', 399, '2024-03-19 03:33:17', '2024-03-19 03:33:17'),
(410, 'Savion Runolfsdottir', 'male', '2009-01-18', 15, 'mm', 180, '2024-03-19 03:33:17', '2024-03-19 03:33:17'),
(411, 'Walker Hahn', 'female', '2004-05-07', 19, 'th', 422, '2024-03-19 03:33:17', '2024-03-19 03:33:17'),
(412, 'Hudson Rice', 'female', '2007-10-03', 16, 'mm', 493, '2024-03-19 03:33:17', '2024-03-19 03:33:17'),
(413, 'Isai Steuber', 'female', '2012-06-19', 11, 'jp', 863, '2024-03-19 03:33:17', '2024-03-19 03:33:17'),
(414, 'Solon Leannon', 'male', '2011-08-17', 12, 'th', 144, '2024-03-19 03:33:17', '2024-03-19 03:33:17'),
(415, 'Korey Heaney', 'female', '2007-07-09', 16, 'th', 726, '2024-03-19 03:33:17', '2024-03-19 03:33:17'),
(416, 'Mrs. Connie Upton', 'female', '2013-07-06', 10, 'ch', 246, '2024-03-19 03:33:17', '2024-03-19 03:33:17'),
(417, 'Kraig Torp', 'male', '2011-05-23', 12, 'kr', 403, '2024-03-19 03:33:17', '2024-03-19 03:33:17'),
(418, 'Keagan Mertz Sr.', 'male', '2014-02-07', 10, 'jp', 674, '2024-03-19 03:33:17', '2024-03-19 03:33:17'),
(419, 'Prof. Marie Armstrong', 'male', '2013-08-26', 10, 'kr', 792, '2024-03-19 03:33:17', '2024-03-19 03:33:17'),
(420, 'Kaylah Stroman', 'male', '2009-05-27', 14, 'mm', 241, '2024-03-19 03:33:17', '2024-03-19 03:33:17'),
(421, 'Mrs. Fleta Goyette', 'female', '2011-07-10', 12, 'jp', 492, '2024-03-19 03:33:17', '2024-03-19 03:33:17'),
(422, 'Mr. Jerrell Hermiston DVM', 'female', '2012-09-17', 11, 'mm', 787, '2024-03-19 03:33:17', '2024-03-19 03:33:17'),
(423, 'Alene Miller', 'female', '2009-09-12', 14, 'mm', 346, '2024-03-19 03:33:17', '2024-03-19 03:33:17'),
(424, 'Mr. Sage Mraz', 'male', '2012-05-02', 11, 'th', 465, '2024-03-19 03:33:17', '2024-03-19 03:33:17'),
(425, 'Dewayne Ernser II', 'female', '2007-08-15', 16, 'th', 917, '2024-03-19 03:33:17', '2024-03-19 03:33:17'),
(426, 'Jarret Swift', 'female', '2009-05-17', 14, 'jp', 470, '2024-03-19 03:33:17', '2024-03-19 03:33:17'),
(427, 'Dion Feest', 'female', '2011-06-18', 12, 'mm', 495, '2024-03-19 03:33:17', '2024-03-19 03:33:17'),
(428, 'Mekhi Schoen', 'male', '2013-01-22', 11, 'jp', 843, '2024-03-19 03:33:17', '2024-03-19 03:33:17'),
(429, 'Ms. Erna Tremblay V', 'male', '2013-10-18', 10, 'ch', 129, '2024-03-19 03:33:17', '2024-03-19 03:33:17'),
(430, 'Bettye Kris', 'male', '2007-06-24', 16, 'jp', 468, '2024-03-19 03:33:17', '2024-03-19 03:33:17'),
(431, 'Ed Carroll DDS', 'female', '2004-07-26', 19, 'kr', 475, '2024-03-19 03:33:17', '2024-03-19 03:33:17'),
(432, 'Horacio Ferry', 'female', '2007-01-03', 17, 'kr', 433, '2024-03-19 03:33:17', '2024-03-19 03:33:17'),
(433, 'Prof. Keith Weissnat', 'male', '2007-01-04', 17, 'mm', 330, '2024-03-19 03:33:17', '2024-03-19 03:33:17'),
(434, 'Valentine Ebert', 'female', '2011-04-17', 12, 'mm', 608, '2024-03-19 03:33:17', '2024-03-19 03:33:17'),
(435, 'Dr. Leonel Boehm III', 'female', '2012-12-15', 11, 'kr', 367, '2024-03-19 03:33:17', '2024-03-19 03:33:17'),
(436, 'Dr. Domenick Weissnat', 'male', '2012-06-13', 11, 'kr', 563, '2024-03-19 03:33:17', '2024-03-19 03:33:17'),
(437, 'Zander Bogan', 'female', '2010-11-18', 13, 'jp', 767, '2024-03-19 03:33:17', '2024-03-19 03:33:17'),
(438, 'Deanna Hudson', 'male', '2013-12-08', 10, 'ch', 285, '2024-03-19 03:33:17', '2024-03-19 03:33:17'),
(439, 'Alisa Bins', 'female', '2011-11-07', 12, 'mm', 961, '2024-03-19 03:33:17', '2024-03-19 03:33:17'),
(440, 'Velma McLaughlin', 'female', '2005-08-29', 18, 'ch', 389, '2024-03-19 03:33:17', '2024-03-19 03:33:17'),
(441, 'Liliane Smitham I', 'female', '2012-06-14', 11, 'ch', 146, '2024-03-19 03:33:17', '2024-03-19 03:33:17'),
(442, 'Prof. Dagmar Reichert V', 'female', '2008-08-19', 15, 'ch', 284, '2024-03-19 03:33:17', '2024-03-19 03:33:17'),
(443, 'Caterina Morar PhD', 'female', '2007-06-09', 16, 'ch', 840, '2024-03-19 03:33:17', '2024-03-19 03:33:17'),
(444, 'Alta Gottlieb', 'male', '2004-08-03', 19, 'jp', 578, '2024-03-19 03:33:17', '2024-03-19 03:33:17'),
(445, 'Jaycee Carter', 'female', '2009-11-17', 14, 'mm', 977, '2024-03-19 03:33:17', '2024-03-19 03:33:17'),
(446, 'Alayna Fisher', 'female', '2010-06-09', 13, 'jp', 322, '2024-03-19 03:33:17', '2024-03-19 03:33:17'),
(447, 'Misael Wisoky DVM', 'female', '2012-02-22', 12, 'mm', 624, '2024-03-19 03:33:17', '2024-03-19 03:33:17'),
(448, 'Stanford Koelpin', 'female', '2010-10-05', 13, 'kr', 874, '2024-03-19 03:33:17', '2024-03-19 03:33:17'),
(449, 'Miss Maeve Greenholt', 'male', '2005-05-26', 18, 'th', 707, '2024-03-19 03:33:17', '2024-03-19 03:33:17'),
(450, 'Isaias Christiansen', 'female', '2013-11-22', 10, 'th', 138, '2024-03-19 03:33:17', '2024-03-19 03:33:17');

-- --------------------------------------------------------

--
-- Table structure for table `users`
--

CREATE TABLE `users` (
  `id` bigint UNSIGNED NOT NULL,
  `name` varchar(255) COLLATE utf8mb4_unicode_ci NOT NULL,
  `email` varchar(255) COLLATE utf8mb4_unicode_ci NOT NULL,
  `email_verified_at` timestamp NULL DEFAULT NULL,
  `password` varchar(255) COLLATE utf8mb4_unicode_ci NOT NULL,
  `remember_token` varchar(100) COLLATE utf8mb4_unicode_ci DEFAULT NULL,
  `created_at` timestamp NULL DEFAULT NULL,
  `updated_at` timestamp NULL DEFAULT NULL
) ENGINE=InnoDB DEFAULT CHARSET=utf8mb4 COLLATE=utf8mb4_unicode_ci;

--
-- Indexes for dumped tables
--

--
-- Indexes for table `batches`
--
ALTER TABLE `batches`
  ADD PRIMARY KEY (`id`);

--
-- Indexes for table `cache`
--
ALTER TABLE `cache`
  ADD PRIMARY KEY (`key`);

--
-- Indexes for table `cache_locks`
--
ALTER TABLE `cache_locks`
  ADD PRIMARY KEY (`key`);

--
-- Indexes for table `courses`
--
ALTER TABLE `courses`
  ADD PRIMARY KEY (`id`);

--
-- Indexes for table `enrollments`
--
ALTER TABLE `enrollments`
  ADD PRIMARY KEY (`id`);

--
-- Indexes for table `failed_jobs`
--
ALTER TABLE `failed_jobs`
  ADD PRIMARY KEY (`id`),
  ADD UNIQUE KEY `failed_jobs_uuid_unique` (`uuid`);

--
-- Indexes for table `jobs`
--
ALTER TABLE `jobs`
  ADD PRIMARY KEY (`id`),
  ADD KEY `jobs_queue_index` (`queue`);

--
-- Indexes for table `job_batches`
--
ALTER TABLE `job_batches`
  ADD PRIMARY KEY (`id`);

--
-- Indexes for table `migrations`
--
ALTER TABLE `migrations`
  ADD PRIMARY KEY (`id`);

--
-- Indexes for table `password_reset_tokens`
--
ALTER TABLE `password_reset_tokens`
  ADD PRIMARY KEY (`email`);

--
-- Indexes for table `sessions`
--
ALTER TABLE `sessions`
  ADD PRIMARY KEY (`id`),
  ADD KEY `sessions_user_id_index` (`user_id`),
  ADD KEY `sessions_last_activity_index` (`last_activity`);

--
-- Indexes for table `students`
--
ALTER TABLE `students`
  ADD PRIMARY KEY (`id`);

--
-- Indexes for table `users`
--
ALTER TABLE `users`
  ADD PRIMARY KEY (`id`),
  ADD UNIQUE KEY `users_email_unique` (`email`);

--
-- AUTO_INCREMENT for dumped tables
--

--
-- AUTO_INCREMENT for table `batches`
--
ALTER TABLE `batches`
  MODIFY `id` bigint UNSIGNED NOT NULL AUTO_INCREMENT, AUTO_INCREMENT=5;

--
-- AUTO_INCREMENT for table `courses`
--
ALTER TABLE `courses`
  MODIFY `id` bigint UNSIGNED NOT NULL AUTO_INCREMENT, AUTO_INCREMENT=6;

--
-- AUTO_INCREMENT for table `enrollments`
--
ALTER TABLE `enrollments`
  MODIFY `id` bigint UNSIGNED NOT NULL AUTO_INCREMENT, AUTO_INCREMENT=701;

--
-- AUTO_INCREMENT for table `failed_jobs`
--
ALTER TABLE `failed_jobs`
  MODIFY `id` bigint UNSIGNED NOT NULL AUTO_INCREMENT;

--
-- AUTO_INCREMENT for table `jobs`
--
ALTER TABLE `jobs`
  MODIFY `id` bigint UNSIGNED NOT NULL AUTO_INCREMENT;

--
-- AUTO_INCREMENT for table `migrations`
--
ALTER TABLE `migrations`
  MODIFY `id` int UNSIGNED NOT NULL AUTO_INCREMENT, AUTO_INCREMENT=8;

--
-- AUTO_INCREMENT for table `students`
--
ALTER TABLE `students`
  MODIFY `id` bigint UNSIGNED NOT NULL AUTO_INCREMENT, AUTO_INCREMENT=451;

--
-- AUTO_INCREMENT for table `users`
--
ALTER TABLE `users`
  MODIFY `id` bigint UNSIGNED NOT NULL AUTO_INCREMENT;
COMMIT;

/*!40101 SET CHARACTER_SET_CLIENT=@OLD_CHARACTER_SET_CLIENT */;
/*!40101 SET CHARACTER_SET_RESULTS=@OLD_CHARACTER_SET_RESULTS */;
/*!40101 SET COLLATION_CONNECTION=@OLD_COLLATION_CONNECTION */;
